movie_id,imdb_id,tmdb_id,rating,average_rating,title
2,0113497,8844,3.0,3.29209,Jumanji (1995)
6,0113277,949,4.5,3.87202,Heat (1995)
10,0113189,710,4.5,3.43658,GoldenEye (1995)
16,0112641,524,5.0,3.8384,Casino (1995)
18,0113101,5,1.5,3.41828,Four Rooms (1995)
19,0112281,9273,3.0,2.67957,Ace Ventura: When Nature Calls (1995)
21,0113161,8012,3.5,3.56234,Get Shorty (1995)
32,0114746,63,5.0,3.89643,Twelve Monkeys (1995)
47,0114369,807,5.0,4.09374,Se7en (1995)
50,0114814,629,4.0,4.256,The Usual Suspects (1995)
70,0116367,755,4.0,3.35101,From Dusk Till Dawn (1996)
95,0115759,9208,3.5,3.10184,Broken Arrow (1996)
104,0116483,9614,3.5,3.4059,Happy Gilmore (1996)
110,0112573,197,4.0,3.99212,Braveheart (1995)
111,0075314,103,4.5,4.07494,Taxi Driver (1976)
141,0115685,11000,4.0,3.52429,The Birdcage (1996)
145,0112442,9737,4.5,3.2856,Bad Boys (1995)
150,0112384,568,4.0,3.89102,Apollo 13 (1995)
163,0112851,8068,4.0,3.43552,Desperado (1995)
164,0112857,8512,2.5,3.45638,Devil in a Blue Dress (1995)
165,0112864,1572,5.0,3.52143,Die Hard: With a Vengeance (1995)
170,0113243,10428,3.5,3.23183,Hackers (1995)
173,0113492,9482,3.5,2.56385,Judge Dredd (1995)
198,0114558,281,4.0,3.4271,Strange Days (1995)
208,0114898,9804,4.0,2.88443,Waterworld (1995)
216,0112508,11017,3.5,3.25549,Billy Madison (1995)
224,0112883,1909,4.0,3.4297,Don Juan DeMarco (1994)
231,0109686,8467,4.0,2.99008,Dumb and Dumber (1994)
260,0076759,11,1.0,4.08655,Star Wars (1977)
288,0110632,241,2.0,3.26858,Natural Born Killers (1994)
292,0114069,6950,3.5,3.41897,Outbreak (1995)
293,0110413,101,4.0,4.09191,Léon: The Professional (1994)
296,0110912,680,4.0,4.19537,Pulp Fiction (1994)
318,0111161,278,5.0,4.41471,The Shawshank Redemption (1994)
322,0114594,20306,4.0,3.66759,Swimming with Sharks (1994)
344,0109040,3049,3.5,3.00517,Ace Ventura: Pet Detective (1994)
350,0109446,10731,2.5,3.46475,The Client (1994)
356,0109830,13,5.0,4.07159,Forrest Gump (1994)
367,0110475,854,4.0,3.19555,The Mask (1994)
368,0110478,9359,4.5,3.41153,Maverick (1994)
377,0111257,1637,4.0,3.49393,Speed (1994)
431,0106519,6075,3.0,3.71471,Carlito's Way (1993)
454,0106918,37233,3.0,3.50726,The Firm (1993)
457,0106977,5503,4.0,3.97624,The Fugitive (1993)
480,0107290,329,2.0,3.70225,Jurassic Park (1993)
485,0107362,9593,3.0,2.81632,Last Action Hero (1993)
490,0107497,2246,2.0,3.34942,Malice (1993)
500,0107614,788,3.0,3.40379,Mrs. Doubtfire (1993)
541,0083658,78,2.0,4.11014,Blade Runner (1982)
553,0108358,11969,4.0,3.70751,Tombstone (1993)
555,0108399,319,4.0,3.80658,True Romance (1993)
586,0099785,771,4.0,3.20553,Home Alone (1990)
589,0103064,280,4.0,3.97135,Terminator 2: Judgment Day (1991)
593,0102926,274,4.0,4.14967,The Silence of the Lambs (1991)
597,0100405,114,4.0,3.44228,Pretty Woman (1990)
608,0116282,275,5.0,4.11696,Fargo (1996)
628,0117381,1592,4.0,3.76444,Primal Fear (1996)
648,0117060,954,4.5,3.42112,Mission: Impossible (1996)
733,0117500,9802,4.0,3.68587,The Rock (1996)
778,0117951,627,2.0,4.01379,Trainspotting (1996)
780,0116629,602,3.5,3.40508,Independence Day (1996)
784,0115798,9894,4.0,2.7211,The Cable Guy (1996)
805,0117913,1645,4.0,3.68177,A Time to Kill (1996)
832,0117438,3595,4.0,3.44392,Ransom (1996)
849,0116225,10061,3.5,2.77895,Escape from L.A. (1996)
858,0068646,238,4.5,4.32206,The Godfather (1972)
866,0115736,9303,4.0,3.70276,Bound (1996)
923,0033467,15,3.5,4.05775,Citizen Kane (1941)
924,0062622,62,2.0,3.99918,2001: A Space Odyssey (1968)
1027,0102798,8367,3.0,3.30349,Robin Hood: Prince of Thieves (1991)
1036,0095016,562,5.0,3.94763,Die Hard (1988)
1060,0117802,10218,4.0,3.80959,Swingers (1996)
1061,0117665,819,4.0,3.62471,Sleepers (1996)
1079,0095159,623,4.0,3.81989,A Fish Called Wanda (1988)
1080,0079470,583,4.5,3.97886,Life of Brian (1979)
1086,0046912,521,4.0,4.02071,Dial M for Murder (1954)
1089,0105236,500,5.0,4.09186,Reservoir Dogs (1992)
1090,0091763,792,4.0,3.89772,Platoon (1986)
1092,0103772,402,4.5,3.37021,Basic Instinct (1992)
1094,0104036,11386,4.0,3.62961,The Crying Game (1992)
1095,0104348,9504,4.0,3.85153,Glengarry Glen Ross (1992)
1101,0092099,744,4.0,3.42729,Top Gun (1986)
1129,0082340,1103,3.0,3.40528,Escape from New York (1981)
1136,0071853,762,4.0,4.12952,Monty Python and the Holy Grail (1975)
1179,0099703,18129,4.0,3.69657,The Grifters (1990)
1193,0073486,510,3.0,4.20713,One Flew Over the Cuckoo's Nest (1975)
1198,0082971,85,4.5,4.09621,Raiders of the Lost Ark (1981)
1200,0090605,679,3.0,4.00789,Aliens (1986)
1206,0066921,185,3.5,3.98101,A Clockwork Orange (1971)
1208,0078788,28,3.0,4.11853,Apocalypse Now (1979)
1213,0099685,769,5.0,4.19515,GoodFellas (1990)
1214,0078748,348,4.5,4.07467,Alien (1979)
1220,0080455,525,4.0,3.79636,The Blues Brothers (1980)
1221,0071562,240,4.5,4.26886,The Godfather Part II (1974)
1222,0093058,600,4.5,4.05121,Full Metal Jacket (1987)
1234,0070735,9277,4.0,4.13263,The Sting (1973)
1240,0088247,218,3.5,3.90567,The Terminator (1984)
1242,0097441,9665,3.5,3.91972,Glory (1989)
1245,0100150,379,4.0,3.94741,Miller's Crossing (1990)
1258,0081505,694,4.5,4.03771,The Shining (1980)
1260,0022100,832,3.5,4.1337,M (1931)
1265,0107048,137,4.0,3.90751,Groundhog Day (1993)
1266,0105695,33,4.0,3.98927,Unforgiven (1992)
1270,0088763,105,4.0,3.97173,Back to the Future (1985)
1274,0094625,149,4.0,3.93426,Akira (1988)
1291,0097576,89,4.5,3.98542,Indiana Jones and the Last Crusade (1989)
1320,0103644,8077,2.0,3.12025,Alien³ (1992)
1343,0101540,1598,4.5,3.54056,Cape Fear (1991)
1370,0099423,1573,4.0,3.4625,Die Hard 2 (1990)
1380,0077631,621,4.0,3.30512,Grease (1978)
1393,0116695,9390,3.5,3.59809,Jerry Maguire (1996)
1396,0105435,2322,4.5,3.63906,Sneakers (1992)
1466,0119008,9366,5.0,3.80936,Donnie Brasco (1997)
1485,0119528,1624,4.0,3.25587,Liar Liar (1997)
1517,0118655,816,4.0,3.40039,Austin Powers: International Man of Mystery (1997)
1527,0119116,18,4.0,3.79324,The Fifth Element (1997)
1552,0118880,1701,4.0,3.22125,Con Air (1997)
1556,0120179,1639,1.5,1.96235,Speed 2: Cruise Control (1997)
1573,0119094,754,4.0,3.33377,Face/Off (1997)
1580,0119654,607,4.0,3.60278,Men in Black (1997)
1584,0118884,686,5.0,3.70737,Contact (1997)
1597,0118883,8834,3.0,3.33998,Conspiracy Theory (1997)
1608,0118571,9772,3.5,3.32769,Air Force One (1997)
1617,0119488,2118,4.5,4.04873,L.A. Confidential (1997)
1620,0119468,9437,2.5,3.37385,Kiss the Girls (1997)
1625,0119174,2649,5.0,3.87104,The Game (1997)
1639,0118842,2255,3.0,3.58998,Chasing Amy (1997)
1645,0118971,1813,4.5,3.57275,The Devil's Advocate (1997)
1653,0119177,782,3.0,3.81941,Gattaca (1997)
1665,0118689,1281,4.5,2.86835,Bean (1997)
1682,0120382,37165,4.0,3.91032,The Truman Show (1998)
1687,0119395,4824,4.5,3.22067,The Jackal (1997)
1690,0118583,8078,1.0,3.03678,Alien Resurrection (1997)
1704,0119217,489,4.5,4.11608,Good Will Hunting (1997)
1721,0120338,597,4.5,3.44381,Titanic (1997)
1722,0120347,714,3.5,3.22947,Tomorrow Never Dies (1997)
1729,0119396,184,3.0,3.7022,Jackie Brown (1997)
1732,0118715,115,5.0,3.99453,The Big Lebowski (1998)
1748,0118929,2666,4.0,3.80012,Dark City (1998)
1752,0120696,11258,3.0,2.7706,Hard Rain (1998)
1754,0119099,9411,3.5,3.49253,Fallen (1998)
1779,0120184,10153,5.0,2.90814,Sphere (1998)
1792,0120873,11808,3.0,3.27801,U.S. Marshals (1998)
1801,0120744,9313,3.0,3.13347,The Man in the Iron Mask (1998)
1805,0120890,617,3.0,3.19627,Wild Things (1998)
1833,0120749,8838,3.5,3.05112,Mercury Rising (1998)
1845,0120906,16148,3.5,3.68904,Zero Effect (1998)
1866,0120609,9448,3.0,3.02563,The Big Hit (1998)
1882,0120685,929,2.0,2.40299,Godzilla (1998)
1884,0120669,1878,2.0,3.76009,Fear and Loathing in Las Vegas (1998)
1889,0119375,26610,2.0,3.55938,Insomnia (1997)
1892,0120787,1965,4.0,3.38213,A Perfect Murder (1998)
1912,0120780,1389,3.0,3.64436,Out of Sight (1998)
1917,0120591,95,4.5,3.02137,Armageddon (1998)
1923,0129387,544,5.0,3.51239,There's Something About Mary (1998)
1954,0075148,1366,2.0,3.74836,Rocky (1976)
1961,0095953,380,4.5,3.91016,Rain Man (1988)
2011,0096874,165,4.5,3.60658,Back to the Future Part II (1989)
2012,0099088,196,3.5,3.37365,Back to the Future Part III (1990)
2023,0099674,242,3.0,3.44572,The Godfather Part III (1990)
2028,0120815,857,5.0,4.06037,Saving Private Ryan (1998)
2054,0097523,9354,3.0,2.73578,"Honey, I Shrunk the Kids (1989)"
2058,0120768,9631,4.5,3.59359,The Negotiator (1998)
2115,0087469,87,4.0,3.69965,Indiana Jones and the Temple of Doom (1984)
2126,0120832,8688,4.0,2.82725,Snake Eyes (1998)
2167,0120611,36647,4.5,3.37709,Blade (1998)
2194,0094226,117,4.0,3.86642,The Untouchables (1987)
2231,0128442,10220,4.5,3.71703,Rounders (1998)
2232,0123755,431,4.5,3.58933,Cube (1998)
2264,0098625,5971,4.0,2.73159,We're No Angels (1989)
2273,0120812,2109,5.0,3.48817,Rush Hour (1998)
2278,0122690,8195,4.0,3.57846,Ronin (1998)
2288,0084787,1091,3.5,3.95323,The Thing (1982)
2294,0120587,8916,4.0,3.20073,Antz (1998)
2329,0120586,73,4.5,4.12971,American History X (1998)
2335,0120484,10663,3.0,2.94908,The Waterboy (1998)
2338,0130018,3600,2.5,2.14419,I Still Know What You Did Last Summer (1998)
2353,0120660,9798,5.0,3.56894,Enemy of the State (1998)
2355,0120623,9487,4.5,3.55298,A Bug's Life (1998)
2378,0087928,9336,3.5,3.01469,Police Academy (1984)
2387,0124198,10029,5.0,2.86443,Very Bad Things (1998)
2391,0120324,10223,2.0,3.69839,A Simple Plan (1998)
2403,0083944,1368,4.0,3.62179,First Blood (1982)
2409,0079817,1367,2.0,3.24376,Rocky II (1979)
2424,0128853,9489,4.0,3.22134,You've Got Mail (1998)
2490,0120784,2112,4.0,3.41437,Payback (1999)
2502,0151804,1542,4.0,3.98896,Office Space (1999)
2505,0134273,8224,5.0,2.99755,8MM (1999)
2539,0122933,9535,4.0,3.25827,Analyze This (1999)
2542,0120735,100,5.0,4.03068,"Lock, Stock and Two Smoking Barrels (1998)"
2571,0133093,603,5.0,4.16505,The Matrix (1999)
2572,0147800,4951,4.0,3.578,10 Things I Hate About You (1999)
2594,0125659,1902,4.0,3.88209,Open Your Eyes (1997)
2617,0120616,564,3.5,3.24642,The Mummy (1999)
2628,0120915,1893,2.0,3.07929,Star Wars: Episode I - The Phantom Menace (1999)
2672,0139809,1090,4.5,3.37628,The Thirteenth Floor (1999)
2683,0145660,817,4.0,3.19805,Austin Powers: The Spy Who Shagged Me (1999)
2692,0130827,104,4.0,3.95417,Run Lola Run (1998)
2694,0142342,9032,3.5,3.125,Big Daddy (1999)
2701,0120891,8487,4.0,2.34216,Wild Wild West (1999)
2706,0163651,2105,4.5,3.28117,American Pie (1999)
2707,0137363,1073,4.0,3.44955,Arlington Road (1999)
2710,0185937,2667,3.5,2.92445,The Blair Witch Project (1999)
2720,0141369,332,3.5,2.13535,Inspector Gadget (1999)
2722,0149261,8914,3.0,2.71061,Deep Blue Sea (1999)
2762,0167404,745,4.0,4.00463,The Sixth Sense (1999)
2797,0094737,2280,4.0,3.61427,Big (1988)
2826,0120657,1911,4.0,3.14011,The 13th Warrior (1999)
2858,0169547,14,3.5,4.0933,American Beauty (1999)
2860,0181316,11001,3.5,3.1169,Blue Streak (1999)
2890,0120188,6415,3.5,3.56937,Three Kings (1999)
2916,0100802,861,4.0,3.64155,Total Recall (1990)
2952,0119256,8052,3.0,3.67017,Hard Eight (1997)
2959,0137523,550,5.0,4.23774,Fight Club (1999)
2985,0093870,5548,2.0,3.40056,RoboCop (1987)
2987,0096438,856,4.0,3.55229,Who Framed Roger Rabbit (1988)
2997,0120601,492,3.5,3.93303,Being John Malkovich (1999)
3005,0145681,9481,4.0,3.32481,The Bone Collector (1999)
3006,0140352,9008,2.5,3.8943,The Insider (1999)
3020,0106856,37094,5.0,3.6219,Falling Down (1993)
3082,0143145,36643,4.0,3.2016,The World Is Not Enough (1999)
3147,0120689,497,3.0,4.04663,The Green Mile (1999)
3157,0164912,10137,3.0,2.85488,Stuart Little (1999)
3176,0134119,1213,5.0,3.52687,The Talented Mr. Ripley (1999)
3246,0104797,1883,5.0,3.79177,Malcolm X (1992)
3252,0105323,9475,3.5,3.78429,Scent of a Woman (1992)
3263,0105812,10158,3.5,3.13385,White Men Can't Jump (1992)
3267,0104815,9367,3.5,3.59545,El Mariachi (1993)
3275,0144117,8374,5.0,3.84088,The Boondock Saints (1999)
3285,0163978,1907,4.0,3.11807,The Beach (2000)
3298,0181984,14181,4.0,3.50335,Boiler Room (2000)
3300,0134847,2787,4.0,3.47703,Pitch Black (2000)
3301,0190138,2069,4.0,3.34939,The Whole Nine Yards (2000)
3316,0184858,2155,4.0,2.66213,Reindeer Games (2000)
3354,0183523,2067,3.5,2.69482,Mission to Mars (2000)
3355,0142688,622,4.5,3.26957,The Ninth Gate (1999)
3362,0072890,968,4.5,3.95499,Dog Day Afternoon (1975)
3409,0195714,9532,4.5,3.13469,Final Destination (2000)
3424,0097216,925,4.5,3.85538,Do the Right Thing (1989)
3452,0165929,2085,4.0,3.01353,Romeo Must Die (2000)
3498,0077928,11327,4.0,3.86987,Midnight Express (1978)
3504,0074958,10774,4.0,4.00616,Network (1976)
3510,0186151,10559,4.0,3.55133,Frequency (2000)
3535,0144084,1359,4.5,3.70753,American Psycho (2000)
3555,0141926,3536,3.0,3.35147,U-571 (2000)
3578,0172495,98,4.0,3.97785,Gladiator (2000)
3616,0217630,10642,3.5,2.62554,Loser (2000)
3617,0215129,9285,4.0,3.11744,Road Trip (2000)
3623,0120755,955,3.5,2.9868,Mission: Impossible II (2000)
3624,0184894,8584,4.0,3.24975,Shanghai Noon (2000)
3702,0079501,9659,3.0,3.50974,Mad Max (1979)
3703,0082694,8810,3.0,3.65875,Mad Max 2 (1981)
3704,0089530,9355,3.0,3.13604,Mad Max Beyond Thunderdome (1985)
3706,0092563,635,5.0,3.56421,Angel Heart (1987)
3717,0187078,9679,4.0,3.11155,Gone in Sixty Seconds (2000)
3744,0162650,479,4.0,2.9499,Shaft (2000)
3752,0183505,2123,4.5,3.00479,"Me, Myself & Irene (2000)"
3753,0187393,2024,4.0,3.46336,The Patriot (2000)
3785,0175142,4247,4.0,2.76001,Scary Movie (2000)
3793,0120903,36657,3.5,3.5285,X-Men (2000)
3798,0161081,2655,2.5,3.20924,What Lies Beneath (2000)
3825,0200550,6282,3.5,2.70779,Coyote Ugly (2000)
3826,0164052,9383,3.0,2.56439,Hollow Man (2000)
3948,0212338,1597,4.5,3.39087,Meet the Parents (2000)
3950,0170691,10687,4.0,3.51063,Tigerland (2000)
3977,0160127,4327,3.0,2.74304,Charlie's Angels (2000)
3979,0185431,9678,1.5,2.45784,Little Nicky (2000)
3980,0203019,11978,4.5,3.64691,Men of Honor (2000)
3981,0199753,8870,3.0,2.78375,Red Planet (2000)
3994,0217869,9741,4.5,3.51331,Unbreakable (2000)
3997,0190374,11849,3.0,2.08586,Dungeons & Dragons (2000)
4007,0094291,10673,4.5,3.72181,Wall Street (1987)
4011,0208092,107,5.0,4.06864,Snatch (2000)
4018,0207201,3981,4.0,3.09407,What Women Want (2000)
4020,0219699,2046,2.0,3.36338,The Gift (2000)
4022,0162222,8358,5.0,3.69876,Cast Away (2000)
4023,0218967,5994,3.0,3.37554,The Family Man (2000)
4025,0212346,1493,3.0,3.08786,Miss Congeniality (2000)
4027,0190590,134,5.0,3.87391,"O Brother, Where Art Thou? (2000)"
4034,0181865,1900,1.5,3.78155,Traffic (2000)
4052,0218817,9989,3.0,3.10977,Antitrust (2001)
4148,0212985,9740,2.5,3.25186,Hannibal (2001)
4167,0179626,2749,4.0,2.97098,15 Minutes (2001)
4223,0215750,853,4.0,3.7206,Enemy at the Gates (2001)
4226,0209144,77,4.5,4.13575,Memento (2000)
4239,0221027,4133,4.5,3.72502,Blow (2001)
4255,0240515,13166,3.0,2.21683,Freddy Got Fingered (2001)
4262,0086250,111,5.0,3.94117,Scarface (1983)
4270,0209163,1734,3.0,3.00426,The Mummy Returns (2001)
4299,0183790,9476,4.0,3.3843,A Knight's Tale (2001)
4306,0126029,808,4.0,3.75306,Shrek (2001)
4310,0213149,676,4.5,2.85983,Pearl Harbor (2001)
4343,0251075,9397,3.0,2.92937,Evolution (2001)
4344,0244244,9705,4.5,3.08532,Swordfish (2001)
4351,0102685,1089,4.0,3.40892,Point Break (1991)
4367,0146316,1995,3.0,2.78521,Lara Croft: Tomb Raider (2001)
4369,0232500,9799,4.5,2.98851,The Fast and the Furious (2001)
4378,0203119,11826,3.0,3.61334,Sexy Beast (2001)
4383,0228786,60670,3.0,3.45164,The Crimson Rivers (2000)
4387,0271027,2140,4.0,3.27511,Kiss of the Dragon (2001)
4388,0257106,4248,3.5,2.45858,Scary Movie 2 (2001)
4448,0227445,11371,5.0,3.46303,The Score (2001)
4452,0227005,15745,4.0,3.19768,Made (2001)
4643,0133152,869,3.0,2.76462,Planet of the Apes (2001)
4701,0266915,5175,4.0,3.29991,Rush Hour 2 (2001)
4718,0252866,2770,4.0,2.88622,American Pie 2 (2001)
4728,0250687,9896,4.0,3.13736,Rat Race (2001)
4771,0180734,20857,3.0,3.08892,Hardball (2001)
4774,0246464,2185,4.0,3.23899,Big Trouble (2002)
4776,0139654,2034,5.0,3.75172,Training Day (2001)
4814,0260866,12103,2.0,3.11921,Don't Say a Word (2001)
4816,0196229,9398,2.5,3.24645,Zoolander (2001)
4844,0219965,3172,4.5,3.31982,Bandits (2001)
4848,0166924,1018,3.0,3.86424,Mulholland Drive (2001)
4866,0272020,2100,4.5,3.42078,The Last Castle (2001)
4874,0272152,167,5.0,3.53245,K-PAX (2001)
4876,0245674,9378,3.5,2.73594,Thir13en Ghosts (2001)
4878,0246578,141,1.5,3.93162,Donnie Darko (2001)
4881,0243133,10778,4.0,3.7496,The Man Who Wasn't There (2001)
4886,0198781,585,4.0,3.83796,"Monsters, Inc. (2001)"
4887,0267804,10796,3.5,2.99222,The One (2001)
4890,0256380,9889,4.0,2.80803,Shallow Hal (2001)
4896,0241527,671,4.5,3.70418,Harry Potter and the Philosopher's Stone (2001)
4901,0266987,1535,4.0,3.62267,Spy Game (2001)
4958,0159273,8007,4.0,3.24973,Behind Enemy Lines (2001)
4963,0240772,161,4.5,3.81969,Ocean's Eleven (2001)
4967,0283509,8342,5.0,3.93613,No Man's Land (2001)
4973,0211915,194,3.5,4.07986,Amélie (2001)
4974,0277371,11397,4.5,2.67746,Not Another Teen Movie (2001)
4975,0259711,1903,4.5,3.41153,Vanilla Sky (2001)
4993,0120737,120,2.0,4.10443,The Lord of the Rings: The Fellowship of the Ring (2001)
4995,0268978,453,4.5,3.96355,A Beautiful Mind (2001)
5009,0248667,8489,4.5,3.17303,Ali (2001)
5010,0265086,855,5.0,3.69534,Black Hawk Down (2001)
5013,0280707,5279,3.0,3.59788,Gosford Park (2001)
5064,0245844,11362,3.5,3.80229,The Count of Monte Cristo (2002)
5065,0265349,2637,1.5,3.10307,The Mothman Prophecies (2002)
5094,0246894,11535,3.5,1.85332,Rollerball (2002)
5107,0251114,10592,3.5,3.1444,Hart's War (2002)
5108,0251160,8470,5.0,3.40905,John Q (2002)
5151,0243736,2752,4.0,2.76683,40 Days and 40 Nights (2002)
5152,0277434,10590,4.0,3.57065,We Were Soldiers (2002)
5171,0268695,2135,4.0,2.9098,The Time Machine (2002)
5218,0268380,425,4.0,3.52963,Ice Age (2002)
5219,0120804,1576,4.0,3.19119,Resident Evil (2002)
5220,0284490,5851,3.5,2.74503,Showtime (2002)
5254,0187738,36586,4.0,3.13929,Blade II (2002)
5266,0258000,4547,5.0,3.24756,Panic Room (2002)
5283,0283111,11452,4.0,3.17532,National Lampoon's Van Wilder (2002)
5293,0264472,1537,1.5,3.24041,Changing Lanes (2002)
5294,0264616,12149,1.0,3.62866,Frailty (2002)
5319,0247586,18079,3.5,3.95226,Nine Queens (2000)
5329,0235737,11468,2.5,3.56542,The Salton Sea (2002)
5349,0145487,557,3.5,3.49337,Spider-Man (2002)
5378,0121765,1894,3.0,3.03319,Star Wars: Episode II - Attack of the Clones (2002)
5400,0164184,4614,3.0,3.22748,The Sum of All Fears (2002)
5414,0280486,3132,4.0,2.84541,Bad Company (2002)
5418,0258463,2501,4.5,3.90742,The Bourne Identity (2002)
5445,0181689,180,5.0,3.70091,Minority Report (2002)
5449,0280590,2022,3.0,2.84086,Mr. Deeds (2002)
5459,0120912,608,4.0,3.06301,Men in Black II (2002)
5463,0253556,6278,3.5,3.02822,Reign of Fire (2002)
5464,0257044,4147,4.0,3.67214,Road to Perdition (2002)
5481,0295178,818,4.0,2.96986,Austin Powers in Goldmember (2002)
5502,0286106,2675,4.0,3.26701,Signs (2002)
5507,0295701,7451,3.5,2.78823,xXx (2002)
5522,0073631,11484,3.5,3.17313,Rollerball (1975)
5523,0180052,11692,3.0,2.04006,The Adventures of Pluto Nash (2002)
5528,0265459,9357,3.0,3.31572,One Hour Photo (2002)
5541,0102059,9595,4.0,3.30886,Hot Shots! (1991)
5570,0117883,9299,3.5,3.72978,Thesis (1996)
5574,0293662,4108,4.0,3.38504,The Transporter (2002)
5617,0274812,11013,1.5,3.6995,Secretary (2002)
5621,0290095,10771,3.0,2.57718,The Tuxedo (2002)
5630,0289765,9533,4.5,3.56034,Red Dragon (2002)
5636,0271259,9260,5.0,3.03801,Welcome to Collinwood (2002)
5669,0310793,1430,3.5,3.6692,Bowling for Columbine (2002)
5678,0227984,1613,4.0,2.98723,The 51st State (2001)
5679,0298130,565,3.0,3.34484,The Ring (2002)
5803,0297181,8427,4.0,2.75242,I Spy (2002)
5810,0298203,65,4.0,3.35768,8 Mile (2002)
5816,0295297,672,3.0,3.65797,Harry Potter and the Chamber of Secrets (2002)
5872,0246460,36669,2.0,3.07916,Die Another Day (2002)
5881,0307479,2103,2.0,3.16412,Solaris (2002)
5893,0110308,25284,3.0,3.69469,The Last Seduction (1994)
5900,0289848,9932,4.0,2.85974,Analyze That (2002)
5902,0268126,2757,3.5,3.84742,Adaptation. (2002)
5952,0167261,121,4.0,4.08745,The Lord of the Rings: The Two Towers (2002)
5956,0217505,3131,3.5,3.56881,Gangs of New York (2002)
5959,0272207,11022,3.0,3.48929,Narc (2002)
5989,0264464,640,5.0,3.9714,Catch Me If You Can (2002)
5995,0253474,423,5.0,4.0569,The Pianist (2002)
6003,0290538,4912,4.0,3.56841,Confessions of a Dangerous Mind (2002)
6006,0305711,12090,3.5,2.67665,Just Married (2003)
6012,0295289,9582,3.5,2.84715,A Guy Thing (2003)
6014,0271668,11078,4.0,2.71335,National Security (2003)
6016,0317248,598,4.0,4.17941,City of God (2002)
6058,0309593,9358,4.0,2.94881,Final Destination 2 (2003)
6059,0292506,1647,4.0,3.38622,The Recruit (2003)
6155,0251127,9919,4.0,3.22745,How to Lose a Guy in 10 Days (2003)
6156,0300471,6038,3.5,3.10558,Shanghai Knights (2003)
6157,0287978,9480,3.0,2.48508,Daredevil (2003)
6187,0289992,11615,3.0,3.68058,The Life of David Gale (2003)
6188,0302886,11635,4.0,3.58908,Old School (2003)
6196,0306685,10623,3.5,2.83391,Cradle 2 the Grave (2003)
6213,0314353,9567,4.0,3.22465,Tears of the Sun (2003)
6218,0286499,455,3.5,3.44749,Bend It Like Beckham (2002)
6263,0264395,10782,4.0,3.19356,Basic (2003)
6264,0298814,9341,3.0,2.67924,The Core (2003)
6266,0286788,10735,2.5,3.11958,What a Girl Wants (2003)
6280,0266465,8409,4.0,2.88199,A Man Apart (2003)
6281,0183649,1817,4.5,3.35928,Phone Booth (2003)
6287,0305224,9506,3.0,2.94236,Anger Management (2003)
6291,0300140,12093,3.0,3.83714,Lilya 4-ever (2002)
6298,0328099,13411,3.0,2.40635,Malibu's Most Wanted (2003)
6323,0309698,2832,4.0,3.60976,Identity (2003)
6333,0290334,36658,3.5,3.55654,X2 (2003)
6365,0234215,604,4.5,3.38829,The Matrix Reloaded (2003)
6373,0315327,310,4.0,3.23801,Bruce Almighty (2003)
6374,0314786,5146,4.0,2.89931,The In-Laws (2003)
6377,0266543,12,4.0,3.81484,Finding Nemo (2003)
6378,0317740,9654,4.0,3.54319,The Italian Job (2003)
6383,0322259,584,3.0,2.66367,2 Fast 2 Furious (2003)
6502,0289043,170,4.0,3.77781,28 Days Later (2002)
6503,0305357,9471,3.0,2.51499,Charlie's Angels: Full Throttle (2003)
6534,0286716,1927,2.5,2.60978,Hulk (2003)
6537,0181852,296,3.0,3.04273,Terminator 3: Rise of the Machines (2003)
6539,0325980,22,4.0,3.79376,Pirates of the Caribbean: The Curse of the Black Pearl (2003)
6541,0311429,8698,3.0,2.79886,The League of Extraordinary Gentlemen (2003)
6548,0172156,8961,4.0,3.16392,Bad Boys II (2003)
6550,0274166,9486,5.0,2.98684,Johnny English (2003)
6552,0301199,3472,3.0,3.73019,Dirty Pretty Things (2002)
6564,0325703,1996,3.5,2.74259,Lara Croft: Tomb Raider - The Cradle of Life (2003)
6586,0328828,8273,2.5,2.89543,American Wedding (2003)
6593,0322330,10330,4.0,3.0702,Freaky Friday (2003)
6595,0257076,9257,3.5,2.96267,S.W.A.T. (2003)
6686,0288045,10610,1.5,2.63891,The Medallion (2003)
6687,0270980,2830,3.0,2.37688,My Boss's Daughter (2003)
6708,0325805,7270,4.5,3.63678,Matchstick Men (2003)
6709,0285823,1428,3.0,3.17081,Once Upon a Time in Mexico (2003)
6754,0320691,277,4.0,3.37594,Underworld (2003)
6764,0327850,10159,3.0,3.34557,The Rundown (2003)
6787,0074119,891,3.0,4.02336,All the President's Men (1976)
6796,0101507,650,4.0,3.76804,Boyz n the Hood (1991)
6862,0313443,2116,4.5,3.22383,Out of Time (2003)
6863,0332379,1584,4.0,3.42197,The School of Rock (2003)
6870,0327056,322,3.0,3.81426,Mystic River (2003)
6874,0266697,24,2.0,3.86013,Kill Bill: Vol. 1 (2003)
6884,0312549,10629,4.0,3.34568,Veronica Guerin (2003)
6888,0306047,4256,3.0,2.47954,Scary Movie 3 (2003)
6932,0323944,13537,3.5,3.64892,Shattered Glass (2003)
6934,0242653,605,4.5,3.25046,The Matrix Revolutions (2003)
6942,0314331,508,4.0,3.68771,Love Actually (2003)
6947,0311113,8619,2.5,3.66809,Master and Commander: The Far Side of the World (2003)
6952,0348836,4970,3.0,2.87294,Gothika (2003)
6953,0315733,470,3.0,3.67454,21 Grams (2003)
6957,0307987,10147,3.0,3.32602,Bad Santa (2003)
6959,0300556,9562,3.0,2.85235,Timeline (2003)
6977,0102526,10952,4.0,3.16905,New Jack City (1991)
6979,0086567,860,4.0,3.67863,WarGames (1983)
7007,0102266,9319,4.0,3.3541,The Last Boy Scout (1991)
7022,0266308,3176,4.0,3.78546,Battle Royale (2000)
7090,0299977,79,4.0,3.88511,Hero (2002)
7143,0325710,616,4.0,3.67318,The Last Samurai (2003)
7147,0319061,587,3.0,3.7964,Big Fish (2003)
7153,0167260,122,3.0,4.11866,The Lord of the Rings: The Return of the King (2003)
7156,0317910,12698,4.0,4.07186,The Fog of War (2003)
7160,0340855,504,4.5,3.59653,Monster (2003)
7163,0338337,9620,4.0,3.268,Paycheck (2003)
7173,0343135,5966,4.5,2.95824,Along Came Polly (2004)
7254,0289879,1954,4.0,3.70455,The Butterfly Effect (2004)
7293,0343660,1824,4.0,3.28825,50 First Dates (2004)
7317,0356150,9352,4.5,3.31207,EuroTrip (2004)
7323,0301357,338,4.0,3.87057,"Good Bye, Lenin! (2003)"
7325,0335438,9384,3.5,2.91683,Starsky & Hutch (2004)
7346,0265208,10591,3.5,3.31643,The Girl Next Door (2004)
7347,0363988,1586,4.0,3.22303,Secret Window (2004)
7360,0363547,924,5.0,3.57645,Dawn of the Dead (2004)
7361,0338013,38,4.5,4.06681,Eternal Sunshine of the Spotless Mind (2004)
7362,0364045,11081,3.5,3.10179,Taking Lives (2004)
7367,0335245,5516,3.0,2.99971,The Ladykillers (2004)
7373,0167190,1487,3.0,3.3137,Hellboy (2004)
7376,0351977,11358,3.0,3.03944,Walking Tall (2004)
7381,0327247,2122,4.0,2.82443,The Whole Ten Yards (2004)
7438,0378194,393,2.0,3.82714,Kill Bill: Vol. 2 (2004)
7439,0330793,7220,3.5,3.06173,The Punisher (2004)
7444,0337563,10096,3.5,3.1537,13 Going on 30 (2004)
7445,0328107,9509,4.0,3.81583,Man on Fire (2004)
7449,0335121,11058,3.5,2.4376,Godsend (2004)
7451,0377092,10625,4.0,3.62124,Mean Girls (2004)
7454,0338526,7131,3.5,2.86859,Van Helsing (2004)
7458,0332452,652,4.0,3.40314,Troy (2004)
7802,0080120,11474,5.0,3.68973,The Warriors (1979)
7827,0284978,10133,3.5,3.55625,Cypher (2002)
7981,0338564,10775,5.0,3.95056,Infernal Affairs (2002)
8042,0070379,203,3.5,3.73821,Mean Streets (1973)
8340,0079116,10734,4.0,3.7788,Escape from Alcatraz (1979)
8360,0298148,809,3.0,3.49302,Shrek 2 (2004)
8361,0319262,435,2.5,3.08684,The Day After Tomorrow (2004)
8368,0304141,673,3.5,3.82876,Harry Potter and the Prisoner of Azkaban (2004)
8369,0297284,16617,4.0,3.12679,Mindhunters (2004)
8371,0296572,2789,4.0,3.3479,The Chronicles of Riddick (2004)
8464,0390521,9372,3.5,3.43863,Super Size Me (2004)
8528,0364725,9472,3.5,3.32145,DodgeBall: A True Underdog Story (2004)
8529,0362227,594,5.0,3.62678,The Terminal (2004)
8531,0381707,12153,3.0,2.54902,White Chicks (2004)
8533,0332280,11036,3.5,3.64664,The Notebook (2004)
8576,0339230,9256,3.0,3.39789,Kopps (2003)
8604,0152930,2330,4.0,3.54443,Taxi (1998)
8605,0295721,2334,3.5,3.10516,Taxi 3 (2003)
8622,0361596,1777,3.5,3.45678,Fahrenheit 9/11 (2004)
8636,0316654,558,3.0,3.46445,Spider-Man 2 (2004)
8640,0349683,9477,2.5,3.02538,King Arthur (2004)
8641,0357413,8699,2.0,3.50614,Anchorman: The Legend of Ron Burgundy (2004)
8644,0343818,2048,4.0,3.47308,"I, Robot (2004)"
8665,0372183,2502,4.5,3.84915,The Bourne Supremacy (2004)
8666,0327554,314,0.5,1.80652,Catwoman (2004)
8783,0368447,6947,3.0,3.24501,The Village (2004)
8798,0369339,1538,3.5,3.70185,Collateral (2004)
8807,0366551,11282,3.0,3.43714,Harold & Kumar Go to White Castle (2004)
8814,0364751,10762,3.0,2.84795,Without a Paddle (2004)
8836,0324554,11208,3.0,3.30393,Wicker Park (2004)
8860,0337921,9759,3.5,3.08571,Cellular (2004)
8861,0318627,1577,1.5,3.01002,Resident Evil: Apocalypse (2004)
8865,0346156,5137,5.0,2.99656,Sky Captain and the World of Tomorrow (2004)
8870,0356618,10145,4.0,2.93011,The Forgotten (2004)
8874,0365748,747,4.0,3.87644,Shaun of the Dead (2004)
8907,0307453,10555,3.0,2.74035,Shark Tale (2004)
8910,0356721,1599,2.5,3.58088,I ♥ Huckabees (2004)
8912,0316732,11045,2.5,2.44931,Taxi (2004)
8914,0390384,14337,2.0,3.80655,Primer (2004)
8947,0391198,1970,3.0,2.85146,The Grudge (2004)
8950,0361862,4553,4.0,3.80332,The Machinist (2004)
8957,0387564,176,5.0,3.29129,Saw (2004)
8958,0350258,1677,4.0,3.76754,Ray (2004)
8961,0317705,9806,4.5,3.84575,The Incredibles (2004)
8972,0368891,2059,4.0,3.40306,National Treasure (2004)
8977,0346491,1966,3.5,2.66894,Alexander (2004)
8984,0349903,163,4.0,3.35457,Ocean's Twelve (2004)
8985,0359013,36648,4.0,2.91673,Blade: Trinity (2004)
27032,0127357,8697,3.5,3.50171,Who Am I? (1998)
27193,0183869,2332,3.5,3.31062,Taxi 2 (2000)
27478,0284837,9298,4.0,3.02393,Ali G Indahouse (2002)
27482,0285492,437,4.0,2.95743,Cube 2: Hypercube (2002)
27660,0328832,55931,4.0,3.64426,The Animatrix (2003)
27773,0364569,670,3.0,4.09009,Oldboy (2003)
27788,0366627,9667,4.5,3.57051,The Jacket (2005)
27802,0369060,11647,5.0,3.64796,Infernal Affairs II (2003)
27808,0371246,2539,3.5,3.17235,Spanglish (2004)
27816,0373283,10105,2.0,3.43528,Saints and Soldiers (2003)
27827,0374339,14310,4.0,3.27241,Infernal Affairs III (2003)
27831,0375912,4836,5.0,3.72311,Layer Cake (2004)
27846,0379225,11420,4.0,3.88356,The Corporation (2003)
27850,0379593,3396,4.0,3.5858,The Yes Men (2003)
30707,0405159,70,3.5,3.82046,Million Dollar Baby (2004)
30749,0395169,205,4.5,3.95858,Hotel Rwanda (2004)
30793,0367594,118,1.5,3.12295,Charlie and the Chocolate Factory (2005)
30812,0338751,2567,5.0,3.61275,The Aviator (2004)
30825,0290002,693,3.5,3.03745,Meet the Fockers (2004)
31225,0393162,7214,4.0,3.70114,Coach Carter (2005)
31364,0353969,11423,3.0,4.05403,Memories of Murder (2003)
31410,0363163,613,4.0,3.99885,Downfall (2004)
31420,0398712,8978,5.0,3.0932,Assault on Precinct 13 (2005)
31427,0382077,11096,3.0,2.97847,Hide and Seek (2005)
31685,0386588,8488,4.0,3.34238,Hitch (2005)
31696,0360486,561,4.0,3.50556,Constantine (2005)
32017,0395699,10022,3.5,2.75515,The Pacifier (2005)
32019,0377471,4551,4.0,2.75503,Be Cool (2005)
32029,0340163,2026,4.0,3.285,Hostage (2005)
32031,0358082,9928,3.0,3.16468,Robots (2005)
32213,0377713,438,4.0,3.07752,Cube Zero (2004)
32298,0372237,11638,3.0,3.00664,Guess Who (2005)
32587,0401792,187,5.0,3.7489,Sin City (2005)
32596,0318649,7364,3.0,3.08643,Sahara (2005)
32830,0362389,14842,4.5,3.03448,44 Minutes: The North Hollywood Shoot-Out (2003)
33004,0371724,7453,3.0,3.44538,The Hitchhiker's Guide to the Galaxy (2005)
33158,0329774,11679,1.5,2.33556,xXx: State of the Union (2005)
33162,0320661,1495,3.5,3.5116,Kingdom of Heaven (2005)
33164,0397065,10066,3.0,2.47505,House of Wax (2005)
33166,0375679,1640,2.5,3.70439,Crash (2005)
33437,0342258,10027,3.0,3.46234,Unleashed (2005)
33493,0121766,1895,3.0,3.40126,Star Wars: Episode III - Revenge of the Sith (2005)
33646,0398165,9291,3.0,3.07741,The Longest Yard (2005)
33660,0352248,921,4.0,3.83943,Cinderella Man (2005)
33679,0356910,787,4.0,3.24766,Mr. & Mrs. Smith (2005)
33794,0372784,272,5.0,3.92206,Batman Begins (2005)
33830,0400497,11451,2.5,2.47199,Herbie Fully Loaded (2005)
33834,0418819,11683,3.0,3.13755,Land of the Dead (2005)
34048,0407304,74,3.5,3.16908,War of the Worlds (2005)
34150,0120667,9738,2.5,2.65954,Fantastic Four (2005)
34162,0396269,9522,5.0,3.42809,Wedding Crashers (2005)
34271,0410097,10476,3.5,3.55546,Hustle & Flow (2005)
34319,0399201,1635,3.5,3.40231,The Island (2005)
34405,0379786,16320,3.0,3.95357,Serenity (2005)
34520,0377818,6519,3.0,2.47822,The Dukes of Hazzard (2005)
34534,0430105,8292,3.0,3.32305,Four Brothers (2005)
35836,0405422,6957,3.0,3.46053,The 40 Year Old Virgin (2005)
35957,0421239,11460,4.0,3.1362,Red Eye (2005)
36519,0388482,9335,4.0,3.1607,Transporter 2 (2005)
36529,0399295,1830,5.0,3.76622,Lord of War (2005)
37380,0419706,8814,1.5,2.43887,Doom (2005)
37382,0421054,9923,3.5,2.98179,Domino (2005)
37386,0402022,8202,2.0,2.9054,Æon Flux (2005)
37727,0408790,9315,4.0,3.14261,Flightplan (2005)
37733,0399146,59,4.0,3.63762,A History of Violence (2005)
37741,0379725,398,1.5,3.67347,Capote (2005)
37853,0378109,11968,2.0,2.92113,Into the Blue (2005)
38061,0373469,5236,5.0,3.82774,Kiss Kiss Bang Bang (2005)
38095,0456912,11344,4.0,3.80708,A Bittersweet Life (2005)
38798,0388125,11931,3.5,3.25252,In Her Shoes (2005)
39444,0384680,6963,3.5,3.17286,The Weather Man (2005)
39446,0432348,215,4.5,2.93138,Saw II (2005)
39715,0436058,8274,2.0,2.52602,American Pie Presents: Band Camp (2005)
40148,0365686,10851,4.5,3.44272,Revolver (2005)
40278,0418763,25,5.0,3.44713,Jarhead (2005)
40723,0416315,9885,3.5,3.03739,Wolf Creek (2005)
40815,0330373,674,3.5,3.76347,Harry Potter and the Goblet of Fire (2005)
40819,0358273,69,3.0,3.76582,Walk the Line (2005)
41566,0363771,411,1.5,3.39324,"The Chronicles of Narnia: The Lion, the Witch and the Wardrobe (2005)"
41569,0360717,254,2.0,3.18396,King Kong (2005)
41571,0397535,1904,3.0,3.62187,Memoirs of a Geisha (2005)
41716,0365485,9515,4.0,3.39893,The Matador (2005)
41863,0419294,8053,3.0,3.65441,The Three Burials of Melquiades Estrada (2005)
41997,0408306,612,3.5,3.71306,Munich (2005)
42011,0369441,7552,5.0,2.96803,Fun with Dick and Jane (2005)
42718,0414852,10045,4.5,3.58535,District B13 (2004)
42723,0450278,1690,4.5,2.70942,Hostel (2006)
42738,0401855,834,3.0,3.31381,Underworld: Evolution (2006)
43679,0414982,9286,4.0,2.83534,Final Destination 3 (2006)
43836,0383216,12096,3.0,2.78096,The Pink Panther (2006)
43871,0408345,9754,3.0,2.89551,Firewall (2006)
43919,0466342,10073,2.5,1.61576,Date Movie (2006)
43921,0404390,7304,2.0,3.45463,Running Scared (2006)
43936,0450232,2207,3.5,3.28646,16 Blocks (2006)
44022,0438097,950,3.0,3.24125,Ice Age: The Meltdown (2006)
44058,0402850,9968,3.0,3.13025,The Big White (2005)
44191,0434409,752,4.5,3.90411,V for Vendetta (2006)
44193,0454945,9655,3.5,3.32077,She's the Man (2006)
44195,0427944,9388,4.5,3.80729,Thank You for Smoking (2005)
44197,0419749,9950,3.0,3.27319,Find Me Guilty (2006)
44199,0454848,388,4.5,3.89173,Inside Man (2006)
44397,0454841,9792,4.0,2.92558,The Hills Have Eyes (2006)
44555,0405094,582,4.0,4.18699,The Lives of Others (2006)
44665,0425210,186,5.0,3.8258,Lucky Number Slevin (2006)
44972,0362120,4257,3.0,2.34283,Scary Movie 4 (2006)
44974,0424136,2652,3.5,3.55804,Hard Candy (2005)
45186,0317919,956,3.0,3.37853,Mission: Impossible III (2006)
45442,0409182,503,2.5,2.75283,Poseidon (2006)
45447,0382625,591,4.0,3.18897,The Da Vinci Code (2006)
45499,0376994,36668,1.0,3.19858,X-Men: The Last Stand (2006)
45501,0452594,9767,5.0,2.87863,The Break-Up (2006)
45517,0317219,920,4.5,3.35749,Cars (2006)
45662,0466909,806,3.0,2.76391,The Omen (2006)
45672,0389860,9339,2.5,2.89745,Click (2006)
45720,0458352,350,2.5,3.54134,The Devil Wears Prada (2006)
45722,0383574,58,4.5,3.48777,Pirates of the Caribbean: Dead Man's Chest (2006)
45726,0463034,1819,3.0,2.68973,"You, Me and Dupree (2006)"
45732,0465624,4474,2.0,2.46938,My Super Ex-Girlfriend (2006)
45950,0497116,1781,4.0,3.55577,An Inconvenient Truth (2006)
46322,0446059,7549,4.0,3.77234,Fearless (2006)
46335,0463985,9615,2.5,2.93608,The Fast and the Furious: Tokyo Drift (2006)
46530,0348150,1452,2.0,2.87664,Superman Returns (2006)
46965,0417148,326,1.5,2.49097,Snakes on a Plane (2006)
46972,0477347,1593,2.5,3.08706,Night at the Museum (2006)
46976,0420223,1262,4.0,3.77466,Stranger Than Fiction (2006)
47044,0430357,82,3.0,2.95849,Miami Vice (2006)
47099,0454921,1402,5.0,3.83716,The Pursuit of Happyness (2006)
47122,0455967,9293,3.5,3.09848,John Tucker Must Die (2006)
47200,0479884,1948,4.5,3.38036,Crank (2006)
47518,0384793,9788,3.5,3.25748,Accepted (2006)
47610,0443543,1491,4.0,3.79905,The Illusionist (2006)
47950,0427969,1249,3.5,3.06209,Hollywoodland (2006)
47997,0387808,7512,4.0,3.42621,Idiocracy (2006)
48043,0414993,1381,1.5,3.59062,The Fountain (2006)
48142,0387877,9676,4.5,2.70883,The Black Dahlia (2006)
48304,0472043,1579,5.0,3.67684,Apocalypto (2006)
48385,0443453,496,4.0,3.42989,Borat: Cultural Learnings of America for Make Benefit Glorious Nation of Kazakhstan (2006)
48394,0457430,1417,3.0,3.96657,Pan's Labyrinth (2006)
48516,0407887,1422,4.5,4.13415,The Departed (2006)
48520,0424993,9794,3.5,2.81141,Employee of the Month (2006)
48738,0455590,1523,3.0,3.82684,The Last King of Scotland (2006)
48774,0206634,9693,4.5,3.92346,Children of Men (2006)
48780,0482571,1124,5.0,4.12576,The Prestige (2006)
48783,0418689,3683,3.5,3.44982,Flags of Our Fathers (2006)
48872,0475169,6077,4.0,3.66388,13 Tzameti (2006)
48877,0489270,214,3.0,2.78599,Saw III (2006)
48997,0396171,1427,4.0,3.68782,Perfume: The Story of a Murderer (2006)
49272,0381061,36557,4.5,3.84099,Casino Royale (2006)
49274,0366548,9836,4.0,2.97722,Happy Feet (2006)
49278,0453467,7551,4.0,3.60767,Déjà Vu (2006)
49314,0433387,7873,4.0,3.18933,Harsh Times (2005)
49530,0450259,1372,4.0,3.84576,Blood Diamond (2006)
50068,0498380,1251,4.0,3.78919,Letters from Iwo Jima (2006)
50189,0808146,8275,1.0,2.57558,American Pie Presents: The Naked Mile (2006)
50442,0426883,7457,3.5,3.2987,Alpha Dog (2006)
50794,0475394,7516,4.5,3.23995,Smokin' Aces (2006)
50798,0799949,9760,1.0,1.44185,Epic Movie (2007)
50851,0380268,14761,4.5,3.88104,Cocaine Cowboys (2006)
50872,0382932,2062,3.5,3.84089,Ratatouille (2007)
50912,0401711,2266,2.5,3.64444,Paris Je T'aime (2006)
51077,0259324,1250,1.5,2.4993,Ghost Rider (2007)
51086,0481369,3594,3.5,3.08868,The Number 23 (2007)
51255,0425112,4638,4.0,3.87726,Hot Fuzz (2007)
51412,0435705,1738,4.0,3.18895,Next (2007)
51540,0443706,1949,5.0,3.80318,Zodiac (2007)
51575,0486946,11199,1.0,2.65463,Wild Hogs (2007)
51662,0416449,1271,5.0,3.55014,300 (2007)
51935,0822854,7485,4.0,3.60946,Shooter (2007)
52241,0427470,8270,3.5,3.51525,The Lookout (2007)
52281,0462322,285923,4.5,3.63787,Grindhouse (2007)
52328,0448134,1272,4.5,3.6422,Sunshine (2007)
52458,0486822,8271,4.0,3.28936,Disturbia (2007)
52579,0450188,1407,4.0,3.67633,La Vie en Rose (2007)
52604,0488120,6145,4.5,3.733,Fracture (2007)
52606,0488085,9843,5.0,3.3248,Big Nothing (2006)
52644,0452702,10294,4.0,3.01734,Vacancy (2007)
52694,0453451,1268,4.0,3.06835,Mr. Bean's Holiday (2007)
52722,0413300,559,2.5,2.91699,Spider-Man 3 (2007)
52952,0480025,11798,3.5,3.80266,This Is England (2007)
52973,0478311,4964,4.0,3.38639,Knocked Up (2007)
52975,0427327,2976,4.0,3.30631,Hairspray (2007)
53000,0463854,1562,3.5,3.45671,28 Weeks Later (2007)
53125,0449088,285,3.5,3.40983,Pirates of the Caribbean: At World's End (2007)
53129,0780571,3432,4.0,3.63024,Mr. Brooks (2007)
53207,0411061,3489,3.0,2.88703,88 Minutes (2007)
53322,0496806,298,3.5,3.52407,Ocean's Thirteen (2007)
53464,0486576,1979,2.0,2.587,Fantastic Four: Rise of the Silver Surfer (2007)
53519,1028528,1991,5.0,3.54469,Death Proof (2007)
53953,0450385,3021,4.5,3.38682,1408 (2007)
53956,0795368,2196,4.0,3.68958,Death at a Funeral (2007)
53972,0337978,1571,4.0,3.40905,Live Free or Die Hard (2007)
53974,0762114,2959,3.0,2.60364,License to Wed (2007)
53993,0413099,2698,3.0,2.70148,Evan Almighty (2007)
54001,0373889,675,3.0,3.7582,Harry Potter and the Order of the Phoenix (2007)
54004,0762107,3563,1.0,2.75182,I Now Pronounce You Chuck & Larry (2007)
54116,0432289,16083,4.5,3.12,First Snow (2006)
54256,0787475,10074,3.0,3.47504,Hot Rod (2007)
54259,0486655,2270,3.0,3.79018,Stardust (2007)
54272,0462538,35,3.0,3.37924,The Simpsons Movie (2007)
54281,0423977,8669,4.0,3.5602,Charlie Bartlett (2008)
54286,0440963,2503,4.5,3.90624,The Bourne Ultimatum (2007)
54372,0362225,10795,2.5,3.79441,Tell No One (2006)
54503,0829482,8363,4.0,3.77674,Superbad (2007)
54648,0293564,5174,4.0,3.2209,Rush Hour 3 (2007)
54736,0431197,4349,3.0,3.50304,The Kingdom (2007)
54775,0499556,10431,3.0,3.0562,War (2007)
54995,1077258,1992,4.0,3.47582,Planet Terror (2007)
54997,0381849,5176,3.0,3.72001,3:10 to Yuma (2007)
54999,0465602,4141,4.0,3.28524,Shoot 'Em Up (2007)
55118,0765443,2252,3.5,3.8073,Eastern Promises (2007)
55245,0452625,10030,3.5,2.77677,Good Luck Chuck (2007)
55269,0838221,4538,4.0,3.71635,The Darjeeling Limited (2007)
55272,0498399,2001,3.5,3.24649,We Own the Night (2007)
55276,0465538,4566,3.0,3.70723,Michael Clayton (2007)
55280,0805564,6615,3.0,3.66063,Lars and the Real Girl (2007)
55282,0389722,4513,3.5,3.16755,30 Days of Night (2007)
55290,0452623,4771,4.5,3.80315,Gone Baby Gone (2007)
55363,0443680,4512,3.5,3.66639,The Assassination of Jesse James by the Coward Robert Ford (2007)
55577,0890870,663,2.5,2.71747,Saw IV (2007)
55721,0861739,7347,4.5,3.9769,Elite Squad (2007)
55765,0765429,4982,4.5,3.80898,American Gangster (2007)
55768,0389790,5559,3.0,2.7592,Bee Movie (2007)
55805,0292963,7972,3.5,3.55042,Before the Devil Knows You're Dead (2007)
55820,0477348,6977,4.5,4.06756,No Country for Old Men (2007)
55908,0756683,13363,5.0,3.9407,The Man from Earth (2007)
55995,0442933,2310,3.0,2.84473,Beowulf (2007)
56145,0884328,5876,5.0,3.54167,The Mist (2007)
56174,0480249,6479,3.5,3.52302,I Am Legend (2007)
56367,0467406,7326,3.5,3.70076,Juno (2007)
56587,0825232,7350,3.0,3.57563,The Bucket List (2007)
56633,0489664,13250,3.5,3.21373,Butterfly on a Wheel (2007)
56757,0408236,13885,3.0,3.4553,Sweeney Todd: The Demon Barber of Fleet Street (2007)
56775,0465234,6637,4.0,3.25962,National Treasure: Book of Secrets (2007)
56782,0469494,7345,2.0,4.04195,There Will Be Blood (2007)
56788,0472062,6538,3.0,3.61751,Charlie Wilson's War (2007)
57368,1060277,7191,3.5,3.33801,Cloverfield (2008)
57370,0951216,12085,2.5,2.86689,Mad Money (2008)
57401,0896798,13252,2.0,3.09596,Cleaner (2007)
57640,0411477,11253,2.0,3.34175,Hellboy II: The Golden Army (2008)
57669,0780536,8321,2.0,3.91406,In Bruges (2008)
58025,0489099,8247,4.0,3.06766,Jumper (2008)
58047,0832266,8390,3.0,3.58356,"Definitely, Maybe (2008)"
58103,0443274,7461,2.5,3.25894,Vantage Point (2008)
58293,0443649,7840,3.0,2.53161,"10,000 BC (2008)"
58295,0200465,8848,4.0,3.59348,The Bank Job (2008)
58301,0808279,8461,3.5,3.40833,Funny Games (2008)
58306,0416044,12246,3.5,3.60784,Mongol: The Rise of Genghis Khan (2007)
58315,0811138,12177,1.0,1.95258,The Love Guru (2008)
58376,1166827,13016,4.5,3.33766,Zeitgeist: The Movie (2007)
58559,0468569,155,5.0,4.18874,The Dark Knight (2008)
58803,0478087,8065,4.5,3.4971,21 (2008)
58998,0800039,9870,4.5,3.56525,Forgetting Sarah Marshall (2008)
59016,0421073,1266,3.5,3.291,Street Kings (2008)
59022,0481536,13335,3.5,3.12492,Harold & Kumar Escape from Guantanamo Bay (2008)
59037,0811080,7459,3.0,3.06926,Speed Racer (2008)
59126,0815241,13007,4.0,3.50156,Religulous (2008)
59315,0371746,1726,4.5,3.82087,Iron Man (2008)
59369,0936501,8681,4.0,3.7237,Taken (2008)
59387,0460791,14784,4.0,3.90939,The Fall (2006)
59421,1033643,9029,4.0,3.01041,What Happens in Vegas (2008)
59429,0974959,8277,0.5,2.67799,American Pie Presents: Beta House (2007)
59615,0367882,217,2.5,2.86244,Indiana Jones and the Kingdom of the Crystal Skull (2008)
59709,0488604,12245,3.5,3.10739,The Oxford Murders (2008)
59725,1000774,4564,3.0,2.74786,Sex and the City (2008)
59727,0482606,10665,2.0,3.12223,The Strangers (2008)
59731,1151309,13636,4.0,3.66202,Bigger Stronger Faster* (2008)
59784,0441773,9502,4.5,3.64279,Kung Fu Panda (2008)
59900,0960144,10661,2.5,2.58262,You Don't Mess with the Zohan (2008)
60037,0949731,8645,2.0,2.41532,The Happening (2008)
60069,0910970,10681,5.0,4.01736,WALL·E (2008)
60072,0493464,8909,3.5,3.22744,Wanted (2008)
60074,0448157,8960,3.0,3.12035,Hancock (2008)
60126,0425061,11665,4.0,3.15983,Get Smart (2008)
60408,1064932,8265,4.0,3.63812,Welcome to the Sticks (2008)
60647,0800241,6687,3.0,3.30979,TransSiberian (2008)
60684,0409459,13183,4.0,3.68751,Watchmen (2009)
60753,1117385,13012,4.0,3.6256,Felon (2008)
61024,0910936,10189,3.0,3.45236,Pineapple Express (2008)
61132,0942385,7446,4.5,3.45405,Tropic Thunder (2008)
61240,1139797,13310,2.0,3.93794,Let the Right One In (2008)
61248,0452608,10483,3.0,3.08113,Death Race (2008)
61323,0887883,4944,4.0,3.57122,Burn After Reading (2008)
61350,0364970,9381,2.0,2.87056,Babylon A.D. (2008)
61352,0988047,13291,3.0,3.4776,Traitor (2008)
61401,0831887,8285,3.0,2.37696,The Spirit (2008)
61465,0814022,13184,3.0,2.6165,Bangkok Dangerous (2008)
61697,1034331,13389,2.0,2.89156,Righteous Kill (2008)
61705,0947802,13279,3.0,2.91124,Lakeview Terrace (2008)
62081,1059786,13027,4.0,3.24696,Eagle Eye (2008)
62113,0455538,13092,3.5,3.13476,How to Lose Friends & Alienate People (2008)
62203,1029234,9539,3.5,3.58293,Martyrs (2008)
62250,0929425,8882,3.5,3.54747,Gomorrah (2008)
62374,0758774,12113,3.5,3.55985,Body of Lies (2008)
62394,0467197,13051,3.5,2.53756,Max Payne (2008)
62434,1007028,10358,1.5,3.17535,Zack and Miri Make a Porno (2008)
62644,1063669,7735,4.0,3.78457,The Wave (2008)
62849,1032755,13809,4.5,3.65905,RocknRolla (2008)
63033,0861689,8338,4.0,3.26916,Blindness (2008)
63062,0824747,3580,4.0,3.64982,Changeling (2008)
63082,1010048,12405,4.0,3.82312,Slumdog Millionaire (2008)
63113,0830515,10764,3.5,3.29665,Quantum of Solace (2008)
63876,1013753,10139,1.0,3.69336,Milk (2008)
63992,1099212,8966,1.0,2.40685,Twilight (2008)
64030,1129442,13387,3.5,3.1647,Transporter 3 (2008)
64032,0369436,12193,4.0,2.86221,Four Christmases (2008)
64037,0409345,10900,3.0,2.98333,Surveillance (2008)
64229,1042877,14299,3.0,3.46038,Cadillac Records (2008)
64497,0970416,10200,2.0,2.79972,The Day the Earth Stood Still (2008)
64614,1205489,13223,3.0,3.88574,Gran Torino (2008)
64716,0814314,11321,2.5,3.68354,Seven Pounds (2008)
64957,0421715,4922,4.5,3.59475,The Curious Case of Benjamin Button (2008)
64969,1068680,10201,4.0,3.38264,Yes Man (2008)
65142,0926762,17845,1.5,3.46471,Loft (2008)
65216,1034303,13813,3.0,3.54926,Defiance (2008)
65225,1332128,13180,4.0,3.41342,Zeitgeist: Addendum (2008)
65230,0822832,14306,3.5,3.25284,Marley & Me (2008)
65642,0480669,14139,4.0,3.72494,Timecrimes (2007)
65682,0834001,12437,1.5,3.31208,Underworld: Rise of the Lycans (2009)
65802,1114740,14560,3.5,2.36786,Paul Blart: Mall Cop (2009)
66090,1020530,13510,3.5,3.38571,Eden Lake (2008)
66203,1001508,10184,4.5,3.24577,He's Just Not That Into You (2009)
66665,1176740,19255,4.0,3.62928,Away We Go (2009)
66798,0838232,15159,3.0,2.87844,The Pink Panther 2 (2009)
67087,1155056,16538,4.0,3.57526,"I Love You, Man (2009)"
67197,0448011,13811,1.5,2.96156,Knowing (2009)
67255,1132620,15472,3.0,3.86557,The Girl with the Dragon Tattoo (2009)
67267,0862846,13090,2.5,3.46595,Sunshine Cleaning (2008)
67508,0765432,6968,3.0,3.64348,The Baader Meinhof Complex (2008)
67734,1091722,16614,3.0,3.43354,Adventureland (2009)
67923,1013752,13804,4.0,3.18327,Fast & Furious (2009)
67997,1226774,19833,4.5,3.81695,In the Loop (2009)
68073,1131729,18947,4.0,3.67854,The Boat That Rocked (2009)
68135,0974661,16996,4.0,3.07027,17 Again (2009)
68157,0361748,16869,4.0,4.04803,Inglourious Basterds (2009)
68194,1226271,21641,4.5,3.7302,The Damned United (2009)
68205,1121931,15092,3.5,3.09066,Crank: High Voltage (2009)
68237,1182345,17431,3.5,4.00353,Moon (2009)
68358,0796366,13475,4.0,3.78882,Star Trek (2009)
68554,0808151,13448,3.5,3.26279,Angels & Demons (2009)
68791,0438488,534,2.5,3.05803,Terminator Salvation (2009)
68848,0844286,21755,4.0,3.51823,The Brothers Bloom (2008)
69122,1119646,18785,4.0,3.60868,The Hangover (2009)
69306,1111422,18487,3.5,3.24688,The Taking of Pelham 1 2 3 (2009)
69406,1041829,18240,2.5,3.50099,The Proposal (2009)
69481,0887912,12162,1.5,3.72228,The Hurt Locker (2008)
69526,1055369,8373,2.0,2.67671,Transformers: Revenge of the Fallen (2009)
69606,0821640,12556,3.0,2.87786,Ghosts of Girlfriends Past (2009)
69640,1152836,11322,4.0,3.27209,Public Enemies (2009)
69654,1131748,176241,3.0,3.63937,Prison Break: The Final Break (2009)
69844,0417741,767,3.5,3.81339,Harry Potter and the Half-Blood Prince (2009)
70183,1142988,20943,3.5,3.2341,The Ugly Truth (2009)
70206,0844479,21407,4.5,3.24429,The Collector (2009)
70208,0971209,12403,4.0,3.17963,A Perfect Getaway (2009)
70286,1136608,17654,2.0,3.80818,District 9 (2009)
70565,1092633,19905,2.5,2.87689,"The Goods: Live Hard, Sell Hard (2009)"
70599,0452694,24420,4.5,3.59669,The Time Traveler's Wife (2009)
71033,1305806,25376,3.0,4.00394,The Secret in Their Eyes (2009)
71135,1188729,19898,3.0,3.46784,Pandorum (2009)
71156,1234548,10313,5.0,3.19156,The Men Who Stare at Goats (2009)
71211,1130080,11323,3.5,3.31315,The Informant! (2009)
71252,1144884,19912,3.5,2.7909,The Final Destination (2009)
71254,1034032,18501,3.0,2.9089,Gamer (2009)
71282,1286537,18570,4.0,3.7464,"Food, Inc. (2008)"
71464,1019452,12573,3.5,3.64204,A Serious Man (2009)
71530,0986263,19959,3.0,3.24936,Surrogates (2009)
71535,1156398,19908,4.0,3.72557,Zombieland (2009)
71668,1078940,19899,3.5,2.75769,Couples Retreat (2009)
71838,1197624,22803,4.5,3.74096,Law Abiding Citizen (2009)
72011,1193138,22947,3.0,3.66927,Up in the Air (2009)
72129,1233227,22804,3.0,2.85674,Saw VI (2009)
72167,1300851,22821,4.0,3.16002,The Boondock Saints II: All Saints Day (2009)
72171,1190536,24804,4.0,3.57601,Black Dynamite (2009)
72378,1190080,14161,2.0,2.77381,2012 (2009)
72380,0362478,22825,3.0,2.83589,The Box (2009)
72554,1242422,33273,3.5,3.72362,Cell 211 (2009)
72696,0976238,22949,1.0,2.51609,Old Dogs (2009)
72762,0913354,4597,3.0,2.79141,Armored (2009)
72998,0499549,19995,2.0,3.59341,Avatar (2009)
73017,0988045,10528,4.0,3.73485,Sherlock Holmes (2009)
73106,1407050,26123,2.0,2.46182,American Pie Presents: The Book of Love (2009)
73168,0806203,25769,3.0,3.13158,Carriers (2009)
73266,0403702,22327,3.5,3.34416,Youth in Revolt (2009)
73268,0433362,19901,3.5,3.23826,Daybreakers (2010)
73321,1037705,20504,4.0,3.46325,The Book of Eli (2010)
73344,1235166,21575,4.5,3.92575,A Prophet (2009)
73808,1190539,13855,3.5,3.88675,The Chaser (2008)
73881,1187043,20453,3.5,3.97594,3 Idiots (2009)
74156,1226273,12201,2.0,3.15369,Edge of Darkness (2010)
74228,1187064,26466,2.5,3.6479,Triangle (2009)
74275,1045772,8952,4.0,3.26528,I Love You Phillip Morris (2010)
74458,1130884,11324,5.0,4.01116,Shutter Island (2010)
74532,1385867,23742,2.5,2.65851,Cop Out (2010)
74545,1139328,11439,1.5,3.56334,The Ghost Writer (2010)
74668,1247640,15357,3.5,3.24108,District 13: Ultimatum (2009)
74685,0455407,29427,4.5,3.24919,The Crazies (2010)
74795,0947810,22972,3.0,3.33333,Green Zone (2010)
74851,1179034,26389,2.0,3.1227,From Paris with Love (2010)
75395,1323045,44363,4.0,3.06011,Frozen (2010)
75805,1038919,27573,3.0,2.93592,The Bounty Hunter (2010)
76077,1231587,23048,2.0,3.10254,Hot Tub Time Machine (2010)
76130,1288403,28510,3.0,2.50375,Universal Soldier: Regeneration (2010)
76175,0800320,18823,2.0,2.71421,Clash of the Titans (2010)
76251,1250777,23483,3.0,3.58396,Kick-Ass (2010)
76293,1279935,35056,3.0,3.19469,Date Night (2010)
77455,1587707,39452,4.5,3.88293,Exit Through the Gift Shop (2010)
77561,1228705,10138,3.0,3.41518,Iron Man 2 (2010)
77800,1341167,37495,4.0,3.72288,Four Lions (2010)
78041,1103153,37821,3.0,2.94501,Killers (2010)
78088,1462758,26388,4.5,3.34597,Buried (2010)
78105,0473075,9543,3.0,3.10217,Prince of Persia: The Sands of Time (2010)
78209,1226229,32823,4.0,3.11309,Get Him to the Greek (2010)
78469,0429493,34544,3.0,3.17443,The A-Team (2010)
78574,1399683,39013,2.0,3.64633,Winter's Bone (2010)
78703,1179794,39545,3.5,3.35161,TiMER (2009)
78772,1325004,24021,1.0,2.3798,The Twilight Saga: Eclipse (2010)
78836,1191111,34647,2.5,3.7635,Enter the Void (2010)
79132,1375666,27205,5.0,4.17299,Inception (2010)
79134,1375670,38365,1.0,2.81944,Grown Ups (2010)
79185,1013743,37834,4.0,3.24759,Knight and Day (2010)
79274,1569923,40662,4.0,3.71059,Batman: Under the Red Hood (2010)
79293,0944835,27576,2.5,3.24245,Salt (2010)
79357,0485947,31011,4.0,3.85896,Mr. Nobody (2009)
79428,0427152,38778,3.0,2.87932,Dinner for Schmucks (2010)
79590,1205535,24122,3.0,3.3373,The Rebound (2009)
79592,1386588,27581,5.0,3.45384,The Other Guys (2010)
79702,0446029,22538,3.0,3.7734,Scott Pilgrim vs. the World (2010)
79796,1020558,23759,3.5,3.13872,Centurion (2010)
80126,1440728,27579,3.5,3.22157,The American (2010)
80166,0889573,41210,2.5,3.1264,The Switch (2010)
80219,0985694,23631,3.0,3.22865,Machete (2010)
80463,1285016,37799,4.5,3.79175,The Social Network (2010)
80489,0840361,23168,4.0,3.7397,The Town (2010)
80549,1282140,37735,4.5,3.59024,Easy A (2010)
80590,1027718,33909,3.5,3.05882,Wall Street: Money Never Sleeps (2010)
80693,0804497,43923,5.0,3.61594,It's Kind of a Funny Story (2010)
80727,1251757,38842,2.5,3.37,Middle Men (2009)
80846,1314655,44040,1.0,3.0268,Devil (2010)
80860,1055292,38408,4.0,3.55445,Life As We Know It (2010)
80862,1584016,42296,3.0,3.41044,Catfish (2010)
81229,1245526,39514,3.0,3.57198,RED (2010)
81535,1477076,41439,3.0,2.7027,Saw 3D (2010)
81537,1231583,41733,3.5,3.16314,Due Date (2010)
81564,1001526,38055,5.0,3.57287,Megamind (2010)
81591,0947798,44214,1.0,3.79708,Black Swan (2010)
81782,0477080,44048,2.5,3.39403,Unstoppable (2010)
81788,1458175,43539,4.5,3.72278,The Next Three Days (2010)
81834,0926084,12444,3.5,3.8246,Harry Potter and the Deathly Hallows: Part 1 (2010)
81932,0964517,45317,4.5,3.81377,The Fighter (2010)
82167,0758752,43347,5.0,3.36406,Love & Other Drugs (2010)
82202,1243957,37710,2.5,3.05958,The Tourist (2010)
82461,1104001,20526,3.0,3.30014,TRON: Legacy (2010)
82499,1341188,42888,3.5,2.76224,How Do You Know (2010)
82667,1588170,49797,5.0,3.79966,I Saw the Devil (2010)
82852,0970866,39451,3.0,2.70006,Little Fockers (2010)
83134,1465522,46838,5.0,3.83277,Tucker and Dale vs. Evil (2010)
83369,1023114,49009,4.0,3.53971,The Way Back (2010)
83910,1578275,44564,3.5,2.61002,The Dilemma (2011)
84152,1219289,51876,4.5,3.84145,Limitless (2011)
84273,1781069,54293,4.5,3.47396,Zeitgeist: Moving Forward (2011)
84374,1411238,41630,3.5,3.17807,No Strings Attached (2011)
84392,1189340,50348,4.0,3.7648,The Lincoln Lawyer (2011)
84601,1401152,48138,3.0,3.4572,Unknown (2011)
84772,1092026,39513,3.0,3.30962,Paul (2011)
84950,0810922,50725,4.5,3.04875,Take Me Home Tonight (2011)
84954,1385826,38050,2.0,3.54002,The Adjustment Bureau (2011)
85020,0472399,27582,3.5,3.45723,The Mechanic (2011)
85022,0480687,48988,1.0,2.74448,Hall Pass (2011)
85056,1464540,46529,2.0,2.96465,I Am Number Four (2011)
85342,1555149,47931,4.5,3.98192,Elite Squad: The Enemy Within (2010)
85401,1512235,45132,3.5,3.3056,Super (2010)
85414,0945513,45612,3.5,3.75472,Source Code (2011)
85510,0978764,23629,4.0,2.89835,Sucker Punch (2011)
86142,1436045,58857,3.5,3.69089,13 Assassins (2010)
86332,0800369,10195,1.0,3.29692,Thor (2011)
86644,1596343,51497,3.5,3.41798,Fast Five (2011)
86781,1255953,46738,4.5,4.04584,Incendies (2010)
86833,1478338,55721,4.5,3.50419,Bridesmaids (2011)
86880,1298650,1865,3.0,3.24964,Pirates of the Caribbean: On Stranger Tides (2011)
86882,1605783,59436,4.5,3.76618,Midnight in Paris (2011)
86892,1527788,51608,4.0,3.82541,The Man from Nowhere (2010)
86911,1411697,45243,3.0,3.02202,The Hangover Part II (2011)
87232,1270798,49538,2.5,3.68313,X-Men: First Class (2011)
87234,1440292,49020,2.5,3.73233,Submarine (2011)
87306,1650062,37686,3.0,3.47299,Super 8 (2011)
87485,1284575,52449,2.0,2.83855,Bad Teacher (2011)
87869,1499658,51540,4.0,3.33501,Horrible Bosses (2011)
88125,1201607,12445,3.5,3.88584,Harry Potter and the Deathly Hallows: Part 2 (2011)
88129,0780504,64690,3.5,3.8547,Drive (2011)
88140,0458339,1771,2.0,3.46827,Captain America: The First Avenger (2011)
88163,1570728,50646,5.0,3.75683,"Crazy, Stupid, Love. (2011)"
88179,1563738,51828,3.5,3.53476,One Day (2011)
88405,1632708,50544,3.0,3.27449,Friends with Benefits (2011)
88744,1318514,61791,1.0,3.55163,Rise of the Planet of the Apes (2011)
88785,1488555,49520,4.5,3.09831,The Change-Up (2011)
88812,1622547,62206,4.0,3.02992,30 Minutes or Less (2011)
88954,1268799,55465,3.0,3.01328,A Very Harold & Kumar Christmas (2011)
89030,1438176,58151,3.5,3.17515,Fright Night (2011)
89074,1743720,58492,3.5,3.1402,POM Wonderful Presents: The Greatest Movie Ever Sold (2011)
89087,1657507,62835,3.0,3.23347,Colombiana (2011)
89305,1716772,69798,4.0,3.28516,The Inbetweeners Movie (2011)
89470,1598778,39538,3.5,3.51664,Contagion (2011)
89492,1210166,60308,3.5,3.91459,Moneyball (2011)
89745,0848228,24428,3.0,3.72436,The Avengers (2012)
89753,1340800,49517,2.5,3.6189,Tinker Tailor Soldier Spy (2011)
89774,1291584,59440,3.0,3.91011,Warrior (2011)
89804,1124035,10316,4.5,3.53969,The Ides of March (2011)
89840,1448755,49021,3.5,3.19295,Killer Elite (2011)
89864,1306980,40807,4.0,3.70215,50/50 (2011)
90249,0433035,39254,1.5,3.3077,Real Steel (2011)
90345,0905372,60935,3.0,3.3105,The Thing (2011)
90405,1637688,49530,3.0,3.43821,In Time (2011)
90439,1615147,50839,3.5,3.802,Margin Call (2011)
90522,1634122,58233,3.5,3.23216,Johnny English Reborn (2011)
90600,1614989,70670,4.0,3.76931,Headhunters (2011)
90717,0471042,59108,2.0,3.03653,Tower Heist (2011)
90746,0983193,17578,3.0,3.45403,The Adventures of Tintin (2011)
90866,0970179,44826,3.0,3.5053,Hugo (2011)
90888,1253864,37958,2.5,2.87807,Immortals (2011)
91128,0376136,23514,3.5,3.0413,The Rum Diary (2011)
91325,0477302,64685,4.0,3.3573,Extremely Loud & Incredibly Close (2011)
91485,1764651,76163,1.0,2.95031,The Expendables 2 (2012)
91500,1392170,70160,1.0,3.5289,The Hunger Games (2012)
91529,1345836,49026,5.0,3.96924,The Dark Knight Rises (2012)
91542,1515091,58574,3.5,3.71018,Sherlock Holmes: A Game of Shadows (2011)
91630,1229238,56292,4.0,3.67275,Mission: Impossible - Ghost Protocol (2011)
91974,1496025,52520,2.0,3.28153,Underworld: Awakening (2012)
91976,1601913,75174,3.0,3.1916,The Grey (2012)
91978,1568338,49527,3.5,3.33209,Man on a Ledge (2012)
92259,1675434,77338,4.0,4.11737,The Intouchables (2011)
92420,1706593,76726,4.0,3.60075,Chronicle (2012)
92507,1599348,59961,3.5,3.43011,Safe House (2012)
93164,1437358,77495,3.5,3.5625,Sleep Tight (2011)
93270,1636826,57214,4.0,3.24394,Project X (2012)
93297,1591479,75674,4.0,3.43844,Act of Valor (2012)
93326,1596350,59962,3.0,3.13368,This Means War (2012)
93363,0401729,49529,0.5,3.15386,John Carter (2012)
93432,1567233,64288,0.5,3.5,Forks Over Knives (2011)
93498,1848902,91010,4.0,3.5982,Game Change (2012)
93510,1232829,64688,4.0,3.62605,21 Jump Street (2012)
93563,1592525,81796,3.0,3.09771,Lockout (2012)
93766,1646987,57165,2.5,2.76415,Wrath of the Titans (2012)
93790,1683526,74308,4.0,3.8283,Detachment (2011)
93831,1605630,71552,3.0,3.06219,American Reunion (2012)
93838,1899353,94329,3.5,3.81782,The Raid (2012)
93840,1259521,22970,2.0,3.65027,The Cabin in the Woods (2012)
93855,1912398,74306,3.5,3.56658,God Bless America (2012)
94070,1412386,74534,3.5,3.70811,The Best Exotic Marigold Hotel (2012)
94266,1195478,72207,2.5,3.04623,The Five-Year Engagement (2012)
94478,1077368,62213,4.0,2.88726,Dark Shadows (2012)
94677,1645170,76493,2.5,3.21429,The Dictator (2012)
94777,1409024,41154,3.0,3.34236,Men in Black 3 (2012)
94799,1748207,86812,3.0,3.42814,Sound of My Voice (2011)
94864,1446714,70981,1.0,3.38527,Prometheus (2012)
94985,1567609,80389,3.5,3.37989,Get the Gringo (2012)
95067,0763831,72358,2.5,2.99603,A Thousand Words (2012)
95088,1862079,84332,4.0,3.54868,Safety Not Guaranteed (2012)
95309,1307068,88005,2.5,3.40651,Seeking a Friend for the End of the World (2012)
95441,1637725,72105,3.0,3.13784,Ted (2012)
95583,1615065,82525,1.5,3.00369,Savages (2012)
95720,1298649,80035,3.5,2.7824,The Watch (2012)
95761,1726669,73567,3.0,3.36998,Killer Joe (2012)
95873,1839492,103332,4.5,3.63304,Ruby Sparks (2012)
95875,1386703,64635,3.0,3.15281,Total Recall (2012)
96079,1074638,37724,4.5,3.74744,Skyfall (2012)
96417,1547234,49526,2.5,3.21561,Premium Rush (2012)
96432,1212450,82633,2.5,3.52518,Lawless (2012)
96488,2125608,84334,4.5,3.9736,Searching for Sugar Man (2012)
96588,1981677,114150,4.0,3.50639,Pitch Perfect (2012)
96606,0770802,89708,4.5,4.0748,Samsara (2011)
96610,1276104,59967,3.0,3.64884,Looper (2012)
96737,1343727,49049,3.5,3.62338,Dredd (2012)
96811,1855199,77016,3.5,3.7772,End of Watch (2012)
96861,1397280,82675,2.5,3.14031,Taken 2 (2012)
97304,1024648,68734,2.0,3.76011,Argo (2012)
97306,1931533,86838,4.0,3.65539,Seven Psychopaths (2012)
97860,1764234,64689,3.5,3.23955,Killing Them Softly (2012)
97866,1966604,84287,4.5,3.73664,The Imposter (2012)
97870,1866249,113947,3.0,3.5373,The Sessions (2012)
97913,1772341,82690,5.0,3.68395,Wreck-It Ralph (2012)
97921,1045658,82693,3.0,3.69568,Silver Linings Playbook (2012)
97923,1907668,87502,3.0,3.62765,Flight (2012)
97938,0454876,87827,5.0,3.66734,Life of Pi (2012)
99112,0790724,75780,3.0,3.53476,Jack Reacher (2012)
99114,1853728,68718,4.0,4.04034,Django Unchained (2012)
99117,1758830,89492,2.5,3.18534,This Is 40 (2012)
99728,1321870,82682,3.5,3.14604,Gangster Squad (2013)
100068,1911553,85872,3.0,3.475,Le Chef (2012)
100108,1904996,119283,3.0,3.13951,Parker (2013)
100390,2024432,109431,3.5,2.93499,Identity Thief (2013)
100498,1606378,47964,2.5,2.55164,A Good Day to Die Hard (2013)
100745,2608732,50275,4.0,3.64842,TPB AFK: The Pirate Bay - Away from Keyboard (2013)
101285,2101441,122081,3.5,3.02451,Spring Breakers (2013)
101360,1911644,158011,2.5,3.42202,The Call (2013)
101362,2302755,117263,3.0,3.20895,Olympus Has Fallen (2013)
101415,1763303,84199,3.5,3.59684,The First Time (2012)
101525,1817273,97367,4.0,3.6878,The Place Beyond the Pines (2013)
101741,1924429,68727,3.0,3.29156,Trance (2013)
101864,1483013,75612,3.5,3.61837,Oblivion (2013)
102033,1980209,134374,5.0,3.13916,Pain & Gain (2013)
102123,1245492,109414,4.0,3.26313,This Is the End (2013)
102125,1300854,68721,2.5,3.45035,Iron Man 3 (2013)
102481,2234155,116741,2.5,3.11306,The Internship (2013)
102686,1951261,109439,3.0,2.95015,The Hangover Part III (2013)
102880,1815862,82700,1.5,2.26727,After Earth (2013)
102903,1670345,75656,2.5,3.6119,Now You See Me (2013)
102993,1727388,147773,5.0,3.75643,The Way Way Back (2013)
103042,0770828,49521,3.0,3.09836,Man of Steel (2013)
103137,2132285,96936,3.0,2.82508,The Bling Ring (2013)
103235,1924396,152742,3.0,3.89764,The Best Offer (2013)
103249,0816711,72190,3.0,3.30076,World War Z (2013)
103253,1535108,68724,2.0,3.27976,Elysium (2013)
103339,2334879,117251,3.5,3.22796,White House Down (2013)
103341,1213663,107985,3.5,3.53862,The World's End (2013)
103372,2404463,136795,2.0,3.31003,The Heat (2013)
103384,1210819,57201,1.0,2.91435,The Lone Ranger (2013)
103539,1714206,157386,3.5,3.61987,The Spectacular Now (2013)
103606,2205697,111969,3.5,3.79267,Stuck in Love (2013)
103688,1457767,138843,2.0,3.67538,The Conjuring (2013)
103883,1272878,136400,4.0,3.3262,2 Guns (2013)
103984,2358891,179144,3.0,3.90967,The Great Beauty (2013)
104211,1723121,138832,3.5,3.49681,We're the Millers (2013)
104243,1411250,87421,4.0,3.43144,Riddick (2013)
104303,2357129,115782,3.0,3.11359,Jobs (2013)
104841,1454468,49047,4.0,3.59527,Gravity (2013)
104863,1486834,212716,4.0,3.49235,What If (2013)
104879,1392214,146233,3.5,4.05438,Prisoners (2013)
104881,1206543,164457,3.0,3.3163,Out of the Furnace (2013)
105213,2229499,138697,4.5,3.11755,Don Jon (2013)
105504,1535109,109424,4.0,3.77909,Captain Phillips (2013)
105593,1450321,85889,2.5,3.57409,Filth (2013)
105653,1211956,107846,3.5,3.35839,Escape Plan (2013)
106487,1951264,101299,1.0,3.51739,The Hunger Games: Catching Fire (2013)
106766,2042568,86829,2.0,3.74463,Inside Llewyn Davis (2013)
106782,0993846,106646,4.5,3.95261,The Wolf of Wall Street (2013)
106916,1800241,168672,2.5,3.52661,American Hustle (2013)
106918,0359950,116745,2.5,3.70069,The Secret Life of Walter Mitty (2013)
106920,1798709,152601,4.0,3.89702,Her (2013)
107069,1091191,193756,3.5,3.71197,Lone Survivor (2013)
107406,1706620,110415,3.0,3.54866,Snowpiercer (2013)
108156,1408253,168530,3.5,3.19265,Ride Along (2014)
108729,2316411,181886,2.0,3.56764,Enemy (2014)
108928,2177771,152760,3.0,3.04783,The Monuments Men (2014)
109374,2278388,120467,3.5,4.02401,The Grand Budapest Hotel (2014)
109483,1800246,225565,4.0,3.21596,That Awkward Moment (2014)
109487,0816692,157336,4.5,4.16851,Interstellar (2014)
109578,2024469,225574,3.5,3.47145,Non-Stop (2014)
109673,1253863,53182,4.0,2.94109,300: Rise of an Empire (2014)
109742,2389182,175291,3.5,3.28094,Cheap Thrills (2013)
109850,2369135,136797,3.0,2.88058,Need for Speed (2014)
109895,2170299,209403,3.0,3.30375,Bad Words (2013)
110286,2059171,155084,3.0,3.25229,13 Sins (2014)
110771,2203939,193610,3.0,3.29779,The Other Woman (2014)
111113,2004420,195589,3.0,3.20228,Neighbors (2014)
111360,2872732,240832,2.0,3.12748,Lucy (2014)
111364,0831387,124905,2.0,2.99172,Godzilla (2014)
111375,2463288,187596,3.0,2.92807,Walk of Shame (2014)
111384,2359024,188166,3.5,3.7044,Blue Ruin (2014)
111443,2883512,212778,3.5,3.66718,Chef (2014)
111622,1980929,198277,4.0,3.74162,Begin Again (2014)
111759,1631867,137113,4.5,3.9683,Edge of Tomorrow (2014)
111781,2381249,177677,4.0,3.66713,Mission: Impossible - Rogue Nation (2015)
111924,2319580,209185,3.5,3.5523,The Grand Seduction (2014)
112138,2294449,187017,4.0,3.51003,22 Jump Street (2014)
112165,2465578,244088,3.5,3.69048,Human Capital (2013)
112171,0455944,156022,3.0,3.70273,The Equalizer (2014)
112552,2582802,244786,4.0,4.15939,Whiplash (2014)
112556,2267998,210577,5.0,3.95857,Gone Girl (2014)
112623,2103281,119450,1.0,3.57518,Dawn of the Planet of the Apes (2014)
112788,1956620,225886,1.0,2.60273,Sex Tape (2014)
112852,2015381,118340,3.5,3.90319,Guardians of the Galaxy (2014)
113453,1924435,193893,4.0,3.16079,Let's Be Cops (2014)
113573,0458481,189,4.0,3.193,Sin City: A Dame to Kill For (2014)
113741,2866360,220289,4.5,3.87452,Coherence (2014)
113775,1663207,209189,3.5,2.88372,Life of Crime (2013)
113829,2756032,242090,3.5,3.68809,The One I Love (2014)
113862,2980592,241848,3.0,3.46736,The Guest (2014)
114060,1600196,154400,2.0,3.57067,The Drop (2014)
114180,1790864,198663,0.5,3.35438,The Maze Runner (2014)
114494,3042408,284427,4.0,3.67158,Who Am I (2014)
114762,2140619,286554,4.5,3.43861,Two Night Stand (2014)
114818,2494280,227300,3.5,3.16667,Stretch (2014)
114935,2397535,206487,5.0,3.79342,Predestination (2014)
115210,2713180,228150,2.5,3.76526,Fury (2014)
115569,2872718,242582,5.0,3.97976,Nightcrawler (2014)
115617,2245084,177572,3.5,3.86038,Big Hero 6 (2014)
115667,1638002,200727,4.5,3.75429,"Love, Rosie (2014)"
115680,2669336,273271,2.0,3.58007,Time Lapse (2014)
115713,0470752,264660,5.0,3.98595,Ex Machina (2015)
116397,1772264,207933,2.5,3.42584,Stonehearst Asylum (2014)
116797,2084970,205596,4.5,3.99636,The Imitation Game (2014)
116799,1791528,171274,3.5,3.47785,Inherent Vice (2014)
116801,3825638,287495,4.0,3.60169,Labyrinth of Lies (2014)
116897,3011894,265195,4.0,4.09135,Wild Tales (2014)
116951,3210258,244001,3.0,3.93921,Bo Burnham: What. (2013)
116977,2096672,100042,2.5,2.5828,Dumb and Dumber To (2014)
117176,2980516,266856,4.5,3.777,The Theory of Everything (2014)
117533,4044364,293310,5.0,3.91977,Citizenfour (2014)
117590,2170439,227159,3.5,3.17995,Horrible Bosses 2 (2014)
117881,3316960,284293,4.0,3.74419,Still Alice (2014)
118082,1567437,244458,4.0,3.26488,The Voices (2014)
118888,0424934,20147,5.0,3.94011,Dave Chappelle: For What It's Worth (2004)
119145,2802144,207703,2.0,3.8036,Kingsman: The Secret Service (2015)
119153,2290153,191489,4.5,3.88372,Bill Burr: You People Are All The Same (2012)
120635,2446042,260346,2.0,2.96283,Taken 3 (2014)
120637,2717822,201088,2.5,2.71715,Blackhat (2015)
121231,3235888,270303,3.0,3.63765,It Follows (2015)
121372,1717578,46967,5.0,3.86677,Bill Burr: Let It Go (2010)
121374,1254947,32836,4.5,3.96283,Bill Burr: Why Do I Do This? (2008)
122882,1392190,76341,5.0,3.87792,Mad Max: Fury Road (2015)
122896,1790809,166426,3.0,3.20133,Pirates of the Caribbean: Dead Men Tell No Tales (2017)
122904,1431045,293660,4.0,3.84699,Deadpool (2016)
127128,2349144,309242,4.5,3.36833,Mississippi Grind (2015)
127140,3165612,288036,3.5,3.36973,Sleeping with Other People (2015)
127152,4257858,318224,4.0,3.88544,Going Clear: Scientology and the Prison of Belief (2015)
127198,3850214,308639,4.0,3.58359,Dope (2015)
127319,1850397,72784,1.5,3.19324,The Loft (2014)
128360,3460252,273248,4.0,3.88605,The Hateful Eight (2015)
128512,3622592,286565,3.0,3.15492,Paper Towns (2015)
128520,0884732,252838,2.5,3.3016,The Wedding Ringer (2015)
128852,0206636,17870,4.5,3.54745,Chris Rock: Bigger & Blacker (1999)
128854,0200529,18128,4.5,3.725,Chris Rock: Bring the Pain (1996)
129354,2381941,256591,3.5,3.49397,Focus (2015)
130840,3395184,241855,3.5,3.43636,Spring (2014)
130956,1014763,181283,2.0,3.0108,Child 44 (2015)
131013,2561572,257091,4.0,3.07368,Get Hard (2015)
131439,2393845,237756,3.0,2.90688,Kill Me Three Times (2015)
131724,4299972,321640,4.0,4.13199,The Jinx: The Life and Deaths of Robert Durst (2015)
132128,3021360,243526,3.5,3.50871,Faults (2014)
132660,3064298,332340,4.0,3.48565,Man Up (2015)
133419,2848292,254470,3.0,3.23828,Pitch Perfect 2 (2015)
133771,3464902,254320,2.0,3.65384,The Lobster (2015)
134130,3659388,286217,4.5,4.0268,The Martian (2015)
134204,3697626,269494,4.0,3.73556,A Hard Day (2014)
134368,3079380,238713,5.0,3.52048,Spy (2015)
134783,1674771,188222,4.0,3.05451,Entourage (2015)
134853,2096673,150540,4.0,3.90844,Inside Out (2015)
135518,2140379,238615,3.5,3.33275,Self/less (2015)
135569,2660888,188927,4.0,3.50896,Star Trek Beyond (2016)
136018,1355683,261023,1.0,3.33238,Black Mass (2015)
136020,2379713,206647,3.0,3.39126,Spectre (2015)
136562,2080374,321697,3.5,3.48512,Steve Jobs (2015)
136598,1524930,296099,3.0,3.22045,Vacation (2015)
136602,2428170,250574,1.0,3.53641,Creep (2014)
137595,2268016,264999,4.0,2.8694,Magic Mike XXL (2015)
138036,1638355,203801,5.0,3.68432,The Man from U.N.C.L.E. (2015)
138210,4172430,300671,5.0,3.75907,13 Hours: The Secret Soldiers of Benghazi (2016)
139385,1663202,281957,0.5,3.77962,The Revenant (2015)
139419,3620860,347968,4.5,3.67778,One-Minute Time Machine (2014)
139642,1798684,307081,3.5,3.5033,Southpaw (2015)
139644,3397884,273481,4.0,3.9081,Sicario (2015)
139857,4005402,318781,4.0,3.44776,Colonia (2016)
140110,2361509,257211,3.0,3.67512,The Intern (2015)
140174,3170832,264644,4.5,3.93425,Room (2015)
140247,4178092,328425,3.5,3.53326,The Gift (2015)
140956,1677720,333339,4.0,3.54145,Ready Player One (2018)
141866,4062536,313922,2.5,3.64675,Green Room (2016)
141890,1365050,283587,4.0,3.77678,Beasts of No Nation (2015)
142222,1172049,303991,3.5,3.52373,Demolition (2016)
142488,1895587,314365,2.0,4.06987,Spotlight (2015)
142509,3072482,325348,4.0,3.32344,Hardcore Henry (2015)
143657,2400463,306947,5.0,3.52829,The Invitation (2016)
143859,0475290,270487,4.0,3.2604,"Hail, Caesar! (2016)"
144606,0270288,4912,4.0,3.40667,Confessions of a Dangerous Mind (2002)
144976,2494362,294963,4.0,3.59386,Bone Tomahawk (2015)
145064,4025514,356296,4.5,3.73512,Suburra (2015)
147410,3577624,321751,3.5,3.59259,A Perfect Day (2015)
148626,1596363,318846,4.5,4.06496,The Big Short (2015)
148671,0495241,246355,5.0,3.72621,Saw (2003)
148867,4382872,326425,3.5,2.39744,Extraction (2015)
149334,4550098,340666,4.5,3.71098,Nocturnal Animals (2016)
149352,1528854,274167,4.0,3.205,Daddy's Home (2015)
149406,2267968,140300,4.0,3.52221,Kung Fu Panda 3 (2016)
151113,4080728,348678,4.0,3.8608,A Man Called Ove (2015)
151315,2869728,323675,3.0,3.23285,Ride Along 2 (2016)
151759,3270538,333377,4.0,3.836,Requiem for the American Dream (2015)
152061,1712261,146198,3.0,2.94118,Triple 9 (2016)
152077,1179933,333371,4.5,3.73067,10 Cloverfield Lane (2016)
152079,3300542,267860,2.5,3.11612,London Has Fallen (2016)
152081,2948356,269149,4.0,3.84553,Zootopia (2016)
152083,3553442,279641,3.5,3.26043,Whiskey Tango Foxtrot (2016)
152970,4698684,371645,4.0,4.00713,Hunt for the Wilderpeople (2016)
155820,4139124,342521,4.5,3.01513,Keanu (2016)
155846,3708886,333663,3.0,2.89869,War on Everyone (2016)
156369,5446858,380808,4.5,3.73425,Zero Days (2016)
156387,3544112,369557,4.5,3.91426,Sing Street (2016)
156609,4438848,325133,2.0,2.9145,Neighbors 2: Sorority Rising (2016)
157200,2241351,303858,3.0,3.20851,Money Monster (2016)
157312,2702724,323676,3.0,2.76522,The Boss (2016)
157318,4901306,381341,4.0,3.9327,Perfect Strangers (2016)
157361,5278506,373072,4.0,3.74299,Tickled (2016)
157671,3100274,311667,3.5,3.2602,Manhattan Night (2016)
158238,3799694,290250,3.5,3.78109,The Nice Guys (2016)
158310,1213574,14244,4.5,3.59322,Chris Rock: Kill the Messenger (2008)
158609,0353671,102337,4.0,3.5,Summer in the Golden Valley (2003)
158783,4016934,290098,3.5,4.10111,The Handmaiden (2016)
158813,2567026,241259,3.0,3.01518,Alice Through the Looking Glass (2016)
158966,3553976,334533,4.0,3.90428,Captain Fantastic (2016)
159093,3110958,291805,2.5,3.44871,Now You See Me 2 (2016)
159717,2452386,318121,4.5,3.74454,The Fundamentals of Caring (2016)
159817,0795176,192040,5.0,4.42663,Planet Earth (2006)
160271,1489889,302699,4.0,3.21423,Central Intelligence (2016)
160567,2823054,316023,3.0,3.18557,Mike and Dave Need Wedding Dates (2016)
161127,1355631,325789,3.0,3.50495,The Infiltrator (2016)
161131,2005151,308266,4.5,3.68448,War Dogs (2016)
161582,2582782,338766,4.0,3.89462,Hell or High Water (2016)
161634,4160708,300669,4.0,3.51209,Don't Breathe (2016)
161922,1878870,376660,3.5,3.68814,The Edge of Seventeen (2016)
161966,3716530,337674,4.0,3.46585,Elle (2016)
162082,5700672,396535,3.5,3.84917,Train to Busan (2016)
162350,2404435,333484,3.5,3.42696,The Magnificent Seven (2016)
162478,2461150,213681,3.5,2.93973,Masterminds (2016)
162602,3631112,346685,1.0,3.25028,The Girl on the Train (2016)
162606,2140479,302946,2.5,3.74204,The Accountant (2016)
163645,2119532,324786,4.5,3.89475,Hacksaw Ridge (2016)
164179,2543164,329865,4.5,4.051,Arrival (2016)
164367,4547056,375366,3.5,3.43369,The Girl with All the Gifts (2016)
164917,5895028,407806,4.0,3.86512,13th (2016)
164981,3640424,369885,2.5,3.51471,Allied (2016)
165101,3062096,207932,3.0,3.12575,Inferno (2016)
165103,2387499,331313,3.5,3.17867,Keeping Up with the Joneses (2016)
165347,3393786,343611,3.0,3.17491,Jack Reacher: Never Go Back (2016)
165551,3741834,334543,4.5,3.91261,Lion (2016)
166024,2654430,367412,4.5,4.23586,Whiplash (2013)
166534,4972582,381288,4.5,3.59334,Split (2017)
167018,4501244,356305,3.0,3.30353,Why Him? (2016)
167544,4572514,388399,4.0,3.67977,Patriots Day (2016)
167546,1800302,334524,4.0,3.44681,Gold (2016)
167832,4857264,411088,3.0,4.00401,The Invisible Guest (2017)
168326,5462602,416477,4.0,3.78174,The Big Sick (2017)
168330,5710514,425591,4.5,3.50757,I Don't Feel at Home in This World Anymore (2017)
168344,1972591,274857,3.5,3.29362,King Arthur: Legend of the Sword (2017)
168492,5726616,398818,3.0,3.91814,Call Me by Your Name (2017)
168608,2396589,414425,3.5,3.63052,Mudbound (2017)
168612,1219827,315837,3.0,3.19486,Ghost in the Shell (2017)
169864,5442430,395992,2.0,3.30361,Life (2017)
169900,1212428,314095,3.0,3.22953,The Lost City of Z (2017)
169992,4158096,334521,4.0,3.05973,Free Fire (2017)
170355,1619856,185789,3.0,4.12378,Mulholland Dr. (1999)
170357,6648926,444705,3.0,3.7694,Dave Chappelle: The Age of Spin (2017)
170705,0185906,331214,5.0,4.41144,Band of Brothers (2001)
170809,6673840,440642,3.0,3.52066,The Spacewalker (2017)
170813,1469304,339846,3.0,2.83937,Baywatch (2017)
171011,5491994,420714,4.0,4.42426,Planet Earth II (2016)
171763,3890160,339403,4.0,3.79369,Baby Driver (2017)
171819,1517225,110608,3.5,3.20588,The Enemy (2011)
172887,0368574,24914,4.0,3.633,Kid's Story (2003)
173145,3450958,281338,1.0,3.60179,War for the Planet of the Apes (2017)
173209,4758646,354287,3.5,2.98929,War Machine (2017)
173369,5742374,398181,2.5,3.52293,You Were Never Really Here (2017)
173941,2406566,341013,3.0,3.33367,Atomic Blonde (2017)
174055,5013056,374720,3.5,3.78122,Dunkirk (2017)
174909,5439796,399170,4.0,3.54602,Logan Lucky (2017)
175303,1396484,346364,2.5,3.49403,It (2017)
175585,4633690,339692,5.0,3.69258,Shot Caller (2017)
175661,1959563,390043,3.5,3.56397,The Hitman's Bodyguard (2017)
175791,6794424,450875,4.5,3.97839,LA 92 (2017)
176349,6788942,455714,3.0,3.67016,Bad Genius (2017)
176371,1856101,335984,4.0,3.96527,Blade Runner 2049 (2017)
176423,6333060,432976,3.0,3.96168,Icarus (2017)
176751,3532216,337170,4.5,3.68541,American Made (2017)
176929,5308322,440021,2.0,3.45204,Happy Death Day (2017)
176937,3348730,298250,0.5,2.85457,Jigsaw (2017)
177239,3881784,395993,3.0,3.26935,Stronger (2017)
177593,5027774,359940,4.0,3.98237,"Three Billboards Outside Ebbing, Missouri (2017)"
177737,5729348,432836,2.0,3.70968,Memoir of a Murderer (2017)
177763,3402236,392044,2.0,3.35625,Murder on the Orient Express (2017)
178521,4225622,419479,3.0,3.26995,The Babysitter (2017)
178523,6214928,452507,2.0,3.04928,1922 (2017)
178613,0251654,16275,5.0,4.00598,Dave Chappelle: Killin' Them Softly (2000)
178667,3748172,343674,4.5,3.26227,Gerald's Game (2017)
179119,4686844,402897,4.5,3.73182,The Death of Stalin (2017)
179135,6769208,463612,4.0,4.30068,Blue Planet II (2017)
179221,5657856,398175,4.0,3.55266,Brawl in Cell Block 99 (2017)
179779,6878038,437068,3.5,3.82663,A Taxi Driver (2017)
179983,5311542,423612,4.5,3.69037,Never Look Away (2018)
180045,4209788,396371,2.0,3.76448,Molly's Game (2017)
182715,2798920,300668,2.5,3.59376,Annihilation (2018)
183197,7807952,488223,3.5,3.81656,Dave Chappelle: Equanimity (2017)
183227,7808620,494368,3.5,3.78625,Dave Chappelle: The Bird Revelation (2017)
183421,2873282,401981,2.0,3.26579,Red Sparrow (2018)
183611,2704998,445571,2.5,3.58878,Game Night (2018)
183613,5649108,397722,2.0,3.45191,Thoroughbreds (2018)
183837,5083738,375262,3.0,3.83982,The Favourite (2018)
184015,5783956,433310,3.0,3.19425,When We First Met (2018)
184023,7153766,467660,3.5,3.19983,Unsane (2018)
184469,8005338,505159,3.0,3.12097,Chris Rock: Tamborine (2018)
184471,1365519,338970,1.0,3.08713,Tomb Raider (2018)
184931,1137450,395990,3.0,3.06614,Death Wish (2018)
184997,5164432,449176,4.0,3.63456,"Love, Simon (2018)"
184999,1563742,454619,2.5,3.17887,Overboard (2018)
185029,6644200,447332,3.5,3.69235,A Quiet Place (2018)
185319,7946422,506072,2.5,3.41033,Prospect (2018)
185435,3317234,456750,3.0,2.61674,"Game Over, Man! (2018)"
185473,2531344,437557,0.5,3.19893,Blockers (2018)
186363,7215388,474753,4.0,3.64167,The China Hustle (2018)
186367,7983794,502164,4.0,3.68269,Operation Odessa (2018)
187231,6212478,489931,4.0,3.54502,American Animals (2018)
187505,5610554,400579,4.0,3.51036,Tully (2018)
187541,3606756,260513,3.0,3.62913,Incredibles 2 (2018)
187593,5463162,383498,3.0,3.78425,Deadpool 2 (2018)
188189,5688932,424781,4.5,3.71463,Sorry to Bother You (2018)
188383,4815122,455839,3.0,3.25357,Time Trap (2017)
188541,3860916,425972,3.5,3.30458,Cargo (2017)
188625,8342862,523902,3.0,3.61172,Evil Genius: The True Story of America's Most Diabolical Bank Heist (2018)
188797,2854926,455980,1.0,3.33641,Tag (2018)
188829,8267604,517814,4.5,3.93949,Capernaum (2018)
189203,6499752,500664,3.0,3.7717,Upgrade (2018)
189333,4912910,353081,3.5,3.80894,Mission: Impossible - Fallout (2018)
189363,5164214,402900,0.5,3.19907,Ocean's Eight (2018)
189713,7349662,487558,3.0,3.71944,BlacKkKlansman (2018)
189805,5093026,433498,3.5,3.57193,Papillon (2017)
189885,6742252,486947,4.0,3.84162,The Guilty (2018)
190401,6218358,474051,3.5,3.44842,Calibre (2018)
190551,7242142,489930,4.0,3.66562,Blindspotting (2018)
190555,7668870,489999,3.0,3.75832,Searching (2018)
190939,7040874,484247,1.5,3.47743,A Simple Favor (2018)
191351,3846674,466282,3.5,3.43641,To All the Boys I've Loved Before (2018)
191459,4971344,440161,3.0,3.43562,The Sisters Brothers (2018)
191491,2677722,433501,4.0,2.89655,City of Lies (2018)
191869,2837574,429203,3.0,3.3469,The Old Man & the Gun (2018)
192245,6628394,446021,4.0,3.57238,Bad Times at the El Royale (2018)
192381,6217306,424121,2.5,3.15204,Apostle (2018)
192385,1517451,332562,5.0,3.58261,A Star Is Born (2018)
192579,6921996,463272,3.0,3.38693,Johnny English Strikes Again (2018)
192697,6987770,489929,3.0,3.0979,Destination Wedding (2018)
192803,1727824,424694,4.5,3.68013,Bohemian Rhapsody (2018)
193477,6679794,454227,3.0,3.40069,Outlaw King (2018)
193599,8359848,507076,2.5,3.61829,Climax (2018)
193942,7401588,491418,1.5,3.70063,Instant Family (2018)
194348,4595882,401847,3.5,3.48406,Can You Ever Forgive Me? (2018)
194396,4530422,438799,3.5,3.32294,Overlord (2018)
194400,4218572,401469,3.5,3.28603,Widows (2018)
195167,4669788,339380,2.5,3.67444,On the Basis of Sex (2018)
195295,6491178,438674,4.5,3.47424,Dragged Across Concrete (2019)
195497,6266538,429197,3.0,3.58602,Vice (2018)
195921,7959026,504172,4.0,3.39301,The Mule (2018)
196889,6823368,450465,3.0,3.24304,Glass (2019)
196893,5719748,438650,4.0,3.1374,Cold Pursuit (2019)
197199,2452244,449563,1.5,2.86067,Isn't It Romantic (2019)
197203,1488606,399361,3.0,3.17874,Triple Frontier (2019)
197343,5886046,522681,2.0,3.24291,Escape Room (2019)
197691,9412098,567860,4.0,3.6369,Fyre (2019)
197711,6857112,458723,1.5,3.53451,Us (2019)
197883,8637428,565310,4.0,3.81953,The Farewell (2019)
197885,8151874,512263,4.0,3.60425,Honey Boy (2019)
197909,7843600,575190,4.0,3.4898,Fyre Fraud (2019)
198151,1464335,335787,2.5,3.0,Uncharted (2022)
199333,7125774,483983,3.5,3.68878,Balloon (2018)
199538,9573980,586129,3.0,3.48315,Leaving Neverland (2019)
199910,5932728,411728,3.0,3.49713,The Professor and the Madman (2019)
199974,5461944,416144,4.0,3.63729,Hotel Mumbai (2019)
200332,2066051,504608,4.0,3.55035,Rocketman (2019)
201368,2139881,459992,2.0,3.3703,Long Shot (2019)
201749,1618434,514999,3.5,3.11529,Murder Mystery (2019)
202103,6292852,505948,2.5,3.49903,I Am Mother (2019)
202155,7339248,480001,4.0,3.38669,The Art of Self-Defense (2019)
202429,7131622,466272,3.5,3.77986,Once Upon a Time... in Hollywood (2019)
202439,6751668,496243,4.0,4.3039,Parasite (2019)
202934,7456310,484641,4.0,3.34283,Anna (2019)
203322,4364194,463257,4.0,3.82637,The Peanut Butter Falcon (2019)
203375,1950186,359724,4.0,3.97043,Ford v Ferrari (2019)
203691,6016744,566221,4.5,3.57647,The Edge of Democracy (2019)
203934,8781414,539892,3.5,3.45489,Freaks (2019)
204318,4068576,400090,3.5,3.50453,The Nightingale (2018)
204352,2935510,419704,3.0,3.17681,Ad Astra (2019)
204388,8991268,566213,3.0,3.78802,Honeyland (2019)
204686,7638348,513310,3.5,3.40066,Boss Level (2021)
204704,7798634,567609,2.0,3.55112,Ready or Not (2019)
204710,8233874,538227,2.5,3.11207,Extra Ordinary (2019)
204826,5822564,487680,2.0,2.73228,The Kitchen (2019)
204878,8526872,528888,4.0,3.54686,Dolemite Is My Name (2019)
205048,8688634,535292,4.0,3.26443,21 Bridges (2019)
205072,1560220,338967,1.5,3.28117,Zombieland: Double Tap (2019)
205287,2762506,446159,1.5,3.59029,Bacurau (2019)
205327,0385887,504562,3.5,3.41363,Motherless Brooklyn (2019)
206246,8228288,619264,3.0,3.60769,The Platform (2019)
206741,10648440,572164,3.0,3.58434,EXIT (2019)
206857,1302006,398978,3.0,3.65358,The Irishman (2019)
207313,8946378,546554,3.0,4.03418,Knives Out (2019)
208205,2527338,181812,2.0,2.77338,Star Wars: The Rise of Skywalker (2019)
208289,3513548,292011,3.5,3.69358,Richard Jewell (2019)
208703,8579674,530915,4.0,4.03624,1917 (2019)
208737,6924650,522162,2.0,3.37184,Midway (2019)
208747,5563334,511322,3.5,3.35465,The Good Liar (2019)
208807,8722346,536743,4.0,3.48263,Queen & Slim (2019)
209497,6803046,565743,2.0,3.36289,The Vast of Night (2019)
209917,6394270,525661,3.5,3.3832,Bombshell (2019)
209965,5727208,473033,4.0,3.77089,Uncut Gems (2019)
210539,11318602,656594,4.0,3.79605,Don't F**k With Cats: Hunting an Internet Killer (2019)
210861,8367814,522627,5.0,3.88534,The Gentlemen (2020)
210865,1502397,38700,1.0,3.09265,Bad Boys for Life (2020)
210867,5774060,443791,2.5,3.10671,Underwater (2020)
212373,7939766,500840,3.5,3.49678,I'm Thinking of Ending Things (2020)
212461,1051906,570670,1.5,3.46711,The Invisible Man (2020)
212587,8629748,581600,1.5,2.94705,Spenser Confidential (2020)
213397,9620292,582014,4.0,3.66692,Promising Young Woman (2020)
213892,8244784,514847,3.0,3.30846,The Hunt (2020)
213914,6048922,516486,3.5,3.55788,Greyhound (2020)
214690,8834524,529835,2.5,2.5,The Uppsala Kidnapping (2018)
214894,9139586,560204,3.5,2.92793,Arkansas (2020)
214922,5096470,624808,3.0,2.71143,Love Wedding Repeat (2020)
215241,4193072,572299,3.0,2.78302,How to Build a Girl (2020)
215711,11905962,594718,3.0,3.08414,Sputnik (2020)
216338,12117854,696000,3.5,2.84932,Jerry Seinfeld: 23 Hours to Kill (2020)
216402,9686708,579583,2.0,3.46051,The King of Staten Island (2020)
216795,7365860,476673,3.0,3.42857,Snow Steam Iron (2017)
216963,5918982,435615,2.5,3.40726,Possessor (2020)
217465,6723592,577922,4.0,3.57509,Tenet (2020)
218537,9484998,587792,4.0,3.87361,Palm Springs (2020)
218997,9076562,595148,4.0,2.86842,Irresistible (2020)
219059,6882604,606234,3.0,3.35303,Archive (2020)
219726,7556122,547016,2.0,3.3011,The Old Guard (2020)
220792,7550000,605116,3.0,2.93654,Project Power (2020)
221886,11317142,664300,3.0,3.53033,Shiva Baby (2021)
222137,7395114,499932,4.5,3.42833,The Devil All the Time (2020)
222593,7657566,505026,3.0,3.14846,Death on the Nile (2022)
223204,8847712,542178,2.0,3.57892,"The French Dispatch of the Liberty, Kansas Evening Sun (2021)"
224208,8633462,728118,4.5,3.83807,"Quo Vadis, Aida? (2021)"
224220,10919380,551804,3.0,3.24213,Freaky (2020)
224280,2382320,370172,3.5,3.52825,No Time to Die (2021)
225165,8508734,575774,4.0,3.26511,His House (2020)
225173,2948372,508442,3.5,3.8983,Soul (2020)
225625,13143964,740985,2.0,3.27831,Borat Subsequent Moviefilm: Delivery of Prodigious Bribe to American Regime for Make Benefit Once Glorious Nation of Kazakhstan (2020)
225920,10310140,602211,3.5,2.91743,Fatman (2020)
226202,6264654,550988,4.0,3.49917,Free Guy (2021)
226258,13243898,751490,4.5,3.82,The Mole: Undercover in North Korea (2020)
226580,8980602,720755,3.0,3.58644,The Kid Detective (2020)
228157,9608818,583903,3.5,3.6988,Our Friend (2019)
229431,6571548,628534,3.0,3.48082,The White Tiger (2021)
229797,8522006,520172,2.5,3.19832,Happiest Season (2020)
233171,13567480,773655,3.0,3.11424,Death to 2020 (2020)
233555,10016180,602269,2.0,3.07429,The Little Things (2021)
233993,9784798,583406,4.0,3.69883,Judas and the Black Messiah (2021)
235301,4761112,644583,4.5,3.69194,The Mauritanian (2021)
239258,11285280,776515,2.5,3.41875,Together Together (2021)
240452,0293429,460465,3.0,2.83016,Mortal Kombat (2021)
241272,7888964,615457,3.0,3.68638,Nobody (2021)
241294,11994750,693906,4.5,3.53333,Made You Look: A True Story About Fake Art (2020)
242772,9849004,673319,2.5,2.75532,Happily (2021)
243642,12361974,791373,2.5,3.45036,Zack Snyder's Justice League (2021)
244334,11083552,637649,4.0,3.53345,Wrath of Man (2021)
245078,9179096,560008,2.5,3.39,Minamata (2020)
246846,14372240,811703,4.0,3.82692,The Year Earth Changed (2021)
250010,14544192,823754,4.0,3.95302,Bo Burnham: Inside (2021)
250546,11337862,691179,3.0,3.19969,Friends: The Reunion (2021)
251086,6334354,436969,3.0,3.43865,The Suicide Squad (2021)
251234,7069210,423108,2.0,3.16692,The Conjuring: The Devil Made Me Do It (2021)
252590,9777666,588228,2.0,3.1958,The Tomorrow War (2021)
252930,10954652,631843,2.0,2.82182,Old (2021)
253976,3272066,579047,1.0,2.94133,Reminiscence (2021)
254154,11423214,842169,2.5,2.66667,Girl Next (2021)
254460,0870154,451048,3.5,3.19856,Jungle Cruise (2021)
254726,1160419,438631,2.0,3.97744,Dune (2021)
258451,9639470,576845,3.0,3.43471,Last Night in Soho (2021)
258857,12731980,785663,3.0,3.66981,Old Henry (2021)
259859,9115530,601470,4.0,3.23832,The Eyes of Tammy Faye (2021)
261271,10696784,618162,4.0,3.2562,The Harder They Fall (2021)
263009,10838180,624860,3.0,2.71798,The Matrix Resurrections (2021)
263405,7740496,597208,3.5,3.40385,Nightmare Alley (2021)
263407,11286314,646380,2.0,3.41039,Don't Look Up (2021)
263973,11214590,644495,4.5,3.0896,House of Gucci (2021)
265460,7144666,756999,2.5,3.32923,The Black Phone (2022)
266002,5537002,466420,1.5,3.59502,Killers of the Flower Moon (2023)
267654,16116174,899082,3.0,3.40082,Harry Potter 20th Anniversary: Return to Hogwarts (2022)
268642,1877830,414906,4.0,3.7268,The Batman (2022)
268732,11245972,646385,2.0,3.14596,Scream (2022)
269426,15255876,862965,2.5,3.38325,Emily the Criminal (2022)
269872,5834426,406759,1.0,2.58727,Moonfall (2022)
270696,2463208,696806,3.0,3.31795,The Adam Project (2022)
270698,6710474,545611,1.0,4.01676,Everything Everywhere All at Once (2022)
271865,13560574,760104,2.5,3.31454,X (2022)
271917,14114802,799876,3.5,3.61202,The Outfit (2022)
271965,13875460,787721,4.0,4.04167,Putin's Palace: History of World's Largest Bribe (2021)
272211,4998632,763285,3.5,2.96088,Ambulance (2022)
273133,8009428,705861,4.0,3.57564,Hustle (2022)
273383,18271228,960639,4.0,2.32143,Bill Maher: #Adulting (2022)
273891,12593682,718930,3.0,3.68131,Bullet Train (2022)
275157,13352968,758330,3.0,3.39791,"Good Luck to You, Leo Grande (2022)"
275243,3704428,614934,3.0,3.38508,Elvis (2022)
275917,8323668,843847,3.0,3.33678,Jerry & Marge Go Large (2022)
276015,14253846,833339,3.5,3.37781,Speak No Evil (2022)
276249,9198364,556694,2.0,3.40993,Three Thousand Years of Longing (2022)
276897,10731256,619730,2.0,3.30281,Don't Worry Darling (2022)
277066,7322224,497828,4.0,3.67584,Triangle of Sadness (2022)
277856,13640696,766475,3.0,3.2168,See How They Run (2022)
278312,6443346,436270,1.5,2.64916,Black Adam (2022)
278578,1016150,49046,3.5,3.8507,All Quiet on the Western Front (2022)
278690,10304142,664469,3.5,2.9021,Amsterdam (2022)
278800,12718300,724665,3.5,3.30577,"Confess, Fletch (2022)"
279812,9764362,593643,3.5,3.64905,The Menu (2022)
280990,14138650,800815,3.0,3.24084,The Pale Blue Eye (2022)
282561,7985704,739405,3.0,3.09677,Operation Fortune: Ruse de Guerre (2023)
283223,10151854,594767,1.5,2.8274,Shazam! Fury of the Gods (2023)
284293,4873118,882569,4.0,3.69253,Guy Ritchie's The Covenant (2023)
285301,2906216,493529,3.5,3.69497,Dungeons & Dragons: Honor Among Thieves (2023)
285593,6791350,447365,3.0,3.74688,Guardians of the Galaxy Vol. 3 (2023)
286097,13375076,758323,0.5,3.0,The Pope's Exorcist (2023)
286777,21867434,1016084,4.5,3.70968,BlackBerry (2023)
286951,8080204,536437,2.0,2.85674,Hypnotic (2023)
287699,15398776,872585,3.0,3.94015,Oppenheimer (2023)
288265,9603212,575264,3.5,3.67289,Mission: Impossible - Dead Reckoning Part One (2023)
288269,15671028,884605,3.0,3.1283,No Hard Feelings (2023)
288513,1517268,346698,3.0,3.43284,Barbie (2023)
288861,9873892,736769,2.0,3.43909,They Cloned Tyrone (2023)
290213,17024450,926393,1.0,3.48981,The Equalizer 3 (2023)
290383,10160976,968051,1.0,2.90652,The Nun II (2023)
290407,14509110,820609,2.5,3.07725,No One Will Save You (2023)
291419,3291150,299054,1.0,2.325,Expend4bles (2023)
291879,13287846,753342,3.0,2.94755,Napoleon (2023)
293773,9663764,572802,1.0,2.42237,Aquaman and the Lost Kingdom (2023)
296045,1684562,746036,2.5,3.39738,The Fall Guy (2024)
296367,15314262,866398,1.5,3.12411,The Beekeeper (2024)
296831,15239678,693134,3.5,4.15013,Dune: Part Two (2024)
297751,3359350,359410,4.5,3.05876,Road House (2024)
298851,5177120,799583,3.5,3.46266,The Ministry of Ungentlemanly Warfare (2024)
298947,12037194,786892,3.5,3.61356,Furiosa: A Mad Max Saga (2024)
299873,13923084,882059,3.5,3.19281,Boy Kills World (2024)
299959,9466114,843527,4.0,2.93515,The Idea of You (2024)
299987,11389872,653346,2.0,3.31699,Kingdom of the Planet of the Apes (2024)
300117,13433802,762441,2.0,3.07703,A Quiet Place: Day One (2024)
300909,17526714,933260,1.5,3.54138,The Substance (2024)
301335,28607951,1064213,4.0,3.63904,Anora (2024)
301765,23468450,1226578,3.0,3.2322,Longlegs (2024)
301783,1896747,956842,2.5,3.16599,Fly Me to the Moon (2024)
302663,14858658,840705,3.0,3.16452,Blink Twice (2024)
302777,18412256,945961,2.5,3.4761,Alien: Romulus (2024)
303005,1340094,957452,3.0,2.32653,The Crow (2024)
304027,16366836,912649,2.0,2.95349,Venom: The Last Dance (2024)
304061,8999762,549509,1.0,3.50459,The Brutalist (2024)
304561,28015403,1138194,3.5,3.51136,Heretic (2024)
305475,5040012,426063,0.5,3.46375,Nosferatu (2024)
306371,11563598,661539,3.0,3.5344,A Complete Unknown (2024)
308403,12299608,696506,2.5,3.37172,Mickey 17 (2025)
309317,13654226,950396,2.0,3.38196,The Gorge (2025)
310083,13652286,1212855,2.0,3.33333,Fight or Flight (2025)
312063,9603208,575265,2.5,3.38392,Mission: Impossible - The Final Reckoning (2025)
312367,5950044,1061474,2.5,3.54484,Superman (2025)
312377,16311594,911430,3.5,3.73041,F1 (2025)
312835,31176520,648878,3.5,3.44094,Eddington (2025)
312845,32321317,1287141,2.5,3.25781,Pillion (2025)
314205,3402138,1035259,2.5,3.24168,The Naked Gun (2025)
314989,26394837,1161617,3.5,3.57059,Code 3 (2025)
315003,31973693,1267905,4.0,3.33092,The Roses (2025)
315267,30144839,1054867,2.0,3.70729,One Battle After Another (2025)
315489,1493274,1245993,4.0,3.25189,Caught Stealing (2025)
316035,33247023,1337562,2.0,3.32031,Splitsville (2025)
316479,31844586,1223601,3.5,3.46639,Sisu: Road to Revenge (2025)
316501,27681354,1122573,3.0,3.06716,In the Grey (2026)
316533,18392014,941109,3.5,2.86667,Play Dirty (2025)
316757,33046197,1168190,2.5,3.0,The Wrecking Crew (2026)
317029,4712810,425274,1.5,3.05479,Now You See Me: Now You Don't (2025)
317693,24950660,1259102,3.5,3.50503,Eternity (2025)
319813,1341338,1119449,2.5,3.47778,"Good Luck, Have Fun, Don't Die (2026)"
320677,30851137,1159831,2.5,2.95,The Bride! (2026)
320755,32430579,1171145,2.5,3.36628,Crime 101 (2026)
322321,12042730,687163,4.0,4.12629,Project Hail Mary (2026)
324447,26678938,1084187,1.5,2.98148,Pretty Lethal (2026)
324633,33071426,1325734,3.5,3.58738,The Drama (2026)
324643,33612209,1314481,2.5,3.20661,The Devil Wears Prada 2 (2026)
325633,37287335,1339713,2.0,3.90879,Obsession (2026)
325637,34378301,1380291,2.5,2.85294,Tom Clancy's Jack Ryan: Ghost War (2026)
326421,33397980,1358005,1.5,2.76923,Office Romance (2026)
326987,10375624,614945,3.5,3.63636,Voicemails for Isabelle (2026)
